-- MySQL dump 10.13  Distrib 8.0.30, for Win64 (x86_64)
--
-- Host: 127.0.0.1    Database: proyecto_cantera
-- ------------------------------------------------------
-- Server version	5.7.33

/*!40101 SET @OLD_CHARACTER_SET_CLIENT=@@CHARACTER_SET_CLIENT */;
/*!40101 SET @OLD_CHARACTER_SET_RESULTS=@@CHARACTER_SET_RESULTS */;
/*!40101 SET @OLD_COLLATION_CONNECTION=@@COLLATION_CONNECTION */;
/*!50503 SET NAMES utf8 */;
/*!40103 SET @OLD_TIME_ZONE=@@TIME_ZONE */;
/*!40103 SET TIME_ZONE='+00:00' */;
/*!40014 SET @OLD_UNIQUE_CHECKS=@@UNIQUE_CHECKS, UNIQUE_CHECKS=0 */;
/*!40014 SET @OLD_FOREIGN_KEY_CHECKS=@@FOREIGN_KEY_CHECKS, FOREIGN_KEY_CHECKS=0 */;
/*!40101 SET @OLD_SQL_MODE=@@SQL_MODE, SQL_MODE='NO_AUTO_VALUE_ON_ZERO' */;
/*!40111 SET @OLD_SQL_NOTES=@@SQL_NOTES, SQL_NOTES=0 */;

--
-- Table structure for table `cities`
--

DROP TABLE IF EXISTS `cities`;
/*!40101 SET @saved_cs_client     = @@character_set_client */;
/*!50503 SET character_set_client = utf8mb4 */;
CREATE TABLE `cities` (
  `id` int(12) unsigned NOT NULL AUTO_INCREMENT,
  `ciud_nombre` varchar(45) COLLATE latin1_spanish_ci NOT NULL,
  `dpto_id` int(12) unsigned NOT NULL,
  `ciud_estado` enum('A','I') COLLATE latin1_spanish_ci NOT NULL DEFAULT 'A',
  `created_at` timestamp NULL DEFAULT NULL,
  `updated_at` timestamp NULL DEFAULT NULL,
  `deleted_at` timestamp NULL DEFAULT NULL,
  PRIMARY KEY (`id`) USING BTREE,
  KEY `fk_cities_states1_idx` (`dpto_id`) USING BTREE,
  CONSTRAINT `fk_cities_states1` FOREIGN KEY (`dpto_id`) REFERENCES `states` (`id`) ON DELETE NO ACTION ON UPDATE NO ACTION
) ENGINE=InnoDB AUTO_INCREMENT=1120 DEFAULT CHARSET=latin1 COLLATE=latin1_spanish_ci ROW_FORMAT=DYNAMIC;
/*!40101 SET character_set_client = @saved_cs_client */;

--
-- Dumping data for table `cities`
--

LOCK TABLES `cities` WRITE;
/*!40000 ALTER TABLE `cities` DISABLE KEYS */;
INSERT INTO `cities` VALUES (1,'MEDELLIN',1,'A','2022-04-12 21:03:35',NULL,NULL),(2,'BARRANQUILLA',2,'A','2022-04-12 21:03:35',NULL,NULL),(3,'BOGOTA',3,'A','2022-04-12 21:03:35',NULL,NULL),(4,'CARTAGENA',4,'A','2022-04-12 21:03:35',NULL,NULL),(5,'TUNJA',5,'A','2022-04-12 21:03:35',NULL,NULL),(6,'MANIZALES',6,'A','2022-04-12 21:03:35',NULL,NULL),(7,'FLORENCIA',7,'A','2022-04-12 21:03:35',NULL,NULL),(8,'POPAYAN',8,'A','2022-04-12 21:03:35',NULL,NULL),(9,'VALLEDUPAR',9,'A','2022-04-12 21:03:35',NULL,NULL),(10,'MONTERIA',10,'A','2022-04-12 21:03:35',NULL,NULL),(11,'AGUA DE DIOS',11,'A','2022-04-12 21:03:35',NULL,NULL),(12,'QUIBDO',12,'A','2022-04-12 21:03:35',NULL,NULL),(13,'NEIVA',13,'A','2022-04-12 21:03:35',NULL,NULL),(14,'RIOHACHA',14,'A','2022-04-12 21:03:35',NULL,NULL),(15,'SANTA MARTA',15,'A','2022-04-12 21:03:35',NULL,NULL),(16,'VILLAVICENCIO',16,'A','2022-04-12 21:03:35',NULL,NULL),(17,'PASTO',17,'A','2022-04-12 21:03:35',NULL,NULL),(18,'CUCUTA',18,'A','2022-04-12 21:03:35',NULL,NULL),(19,'ARMENIA',19,'A','2022-04-12 21:03:35',NULL,NULL),(20,'PEREIRA',20,'A','2022-04-12 21:03:35',NULL,NULL),(21,'BUCARAMANGA',21,'A','2022-04-12 21:03:35',NULL,NULL),(22,'SINCELEJO',22,'A','2022-04-12 21:03:35',NULL,NULL),(23,'IBAGUE',23,'A','2022-04-12 21:03:35',NULL,NULL),(24,'CALI',24,'A','2022-04-12 21:03:35',NULL,NULL),(25,'ARAUCA',25,'A','2022-04-12 21:03:35',NULL,NULL),(26,'YOPAL',26,'A','2022-04-12 21:03:35',NULL,NULL),(27,'MOCOA',27,'A','2022-04-12 21:03:35',NULL,NULL),(28,'SAN ANDRES',28,'A','2022-04-12 21:03:35',NULL,NULL),(29,'LETICIA',29,'A','2022-04-12 21:03:35',NULL,NULL),(30,'INIRIDA',30,'A','2022-04-12 21:03:35',NULL,NULL),(31,'SAN JOSE DEL GUAVIARE',31,'A','2022-04-12 21:03:35',NULL,NULL),(32,'MITU',32,'A','2022-04-12 21:03:35',NULL,NULL),(33,'PUERTO CARREÑO',33,'A','2022-04-12 21:03:35',NULL,NULL),(34,'ABEJORRAL',1,'A','2022-04-12 21:03:35',NULL,NULL),(35,'ABREGO',18,'A','2022-04-12 21:03:35',NULL,NULL),(36,'ABRIAQUI',1,'A','2022-04-12 21:03:35',NULL,NULL),(37,'ACHI',4,'A','2022-04-12 21:03:35',NULL,NULL),(38,'ACANDI',12,'A','2022-04-12 21:03:35',NULL,NULL),(39,'ACEVEDO',13,'A','2022-04-12 21:03:35',NULL,NULL),(40,'ACACIAS',16,'A','2022-04-12 21:03:35',NULL,NULL),(41,'AGUAZUL',26,'A','2022-04-12 21:03:35',NULL,NULL),(42,'AGUACHICA',9,'A','2022-04-12 21:03:35',NULL,NULL),(43,'AGUADAS',6,'A','2022-04-12 21:03:35',NULL,NULL),(44,'AGUSTIN CODAZZI',9,'A','2022-04-12 21:03:35',NULL,NULL),(45,'AGRADO',13,'A','2022-04-12 21:03:35',NULL,NULL),(46,'AGUADA',21,'A','2022-04-12 21:03:35',NULL,NULL),(47,'CHAMEZA',26,'A','2022-04-12 21:03:35',NULL,NULL),(48,'CALAMAR',31,'A','2022-04-12 21:03:35',NULL,NULL),(49,'AIPE',13,'A','2022-04-12 21:03:35',NULL,NULL),(50,'ALBUN',11,'A','2022-04-12 21:03:35',NULL,NULL),(51,'ALBUN',17,'A','2022-04-12 21:03:35',NULL,NULL),(52,'ALGECIRAS',13,'A','2022-04-12 21:03:35',NULL,NULL),(53,'ALBANIA',21,'A','2022-04-12 21:03:35',NULL,NULL),(54,'ALCALA',24,'A','2022-04-12 21:03:35',NULL,NULL),(55,'ALEJANDRIA',1,'A','2022-04-12 21:03:35',NULL,NULL),(56,'ALMEIDA',5,'A','2022-04-12 21:03:35',NULL,NULL),(57,'ALMAGUER',8,'A','2022-04-12 21:03:35',NULL,NULL),(58,'ALDANA',17,'A','2022-04-12 21:03:35',NULL,NULL),(59,'ALPUJARRA',23,'A','2022-04-12 21:03:35',NULL,NULL),(60,'ALTO BAUDO',12,'A','2022-04-12 21:03:35',NULL,NULL),(61,'EL RETORNO',31,'A','2022-04-12 21:03:35',NULL,NULL),(62,'ALTAMIRA',13,'A','2022-04-12 21:03:35',NULL,NULL),(63,'ALVARADO',23,'A','2022-04-12 21:03:35',NULL,NULL),(64,'ALBANIA',7,'A','2022-04-12 21:03:35',NULL,NULL),(65,'AMAGU',1,'A','2022-04-12 21:03:35',NULL,NULL),(66,'ALTOS DEL ROSARIO',4,'A','2022-04-12 21:03:35',NULL,NULL),(67,'ALGARROBO',15,'A','2022-04-12 21:03:35',NULL,NULL),(68,'AMBALEMA',23,'A','2022-04-12 21:03:35',NULL,NULL),(69,'AMALFI',1,'A','2022-04-12 21:03:35',NULL,NULL),(70,'ASTREA',9,'A','2022-04-12 21:03:35',NULL,NULL),(71,'ANDES',1,'A','2022-04-12 21:03:35',NULL,NULL),(72,'ANAPOIMA',11,'A','2022-04-12 21:03:35',NULL,NULL),(73,'ALBANIA',14,'A','2022-04-12 21:03:35',NULL,NULL),(74,'ANGELOPOLIS',1,'A','2022-04-12 21:03:35',NULL,NULL),(75,'ANCUYU',17,'A','2022-04-12 21:03:35',NULL,NULL),(76,'ANDALUCIA',24,'A','2022-04-12 21:03:35',NULL,NULL),(77,'ANGOSTURA',1,'A','2022-04-12 21:03:35',NULL,NULL),(78,'ANORI',1,'A','2022-04-12 21:03:35',NULL,NULL),(79,'ANOLAIMA',11,'A','2022-04-12 21:03:35',NULL,NULL),(80,'ANSERMANUEVO',24,'A','2022-04-12 21:03:35',NULL,NULL),(81,'SANTAFE DE ANTIOQUIA',1,'A','2022-04-12 21:03:35',NULL,NULL),(82,'ARENAL',4,'A','2022-04-12 21:03:35',NULL,NULL),(83,'ANSERMA',6,'A','2022-04-12 21:03:35',NULL,NULL),(84,'ANZOATEGUI',23,'A','2022-04-12 21:03:35',NULL,NULL),(85,'ANZA',1,'A','2022-04-12 21:03:35',NULL,NULL),(86,'APARTADO',1,'A','2022-04-12 21:03:35',NULL,NULL),(87,'BECERRIL',9,'A','2022-04-12 21:03:35',NULL,NULL),(88,'APIA',20,'A','2022-04-12 21:03:35',NULL,NULL),(89,'AQUITANIA',5,'A','2022-04-12 21:03:35',NULL,NULL),(90,'ARANZAZU',6,'A','2022-04-12 21:03:35',NULL,NULL),(91,'ARGELIA',8,'A','2022-04-12 21:03:35',NULL,NULL),(92,'ATRATO',12,'A','2022-04-12 21:03:35',NULL,NULL),(93,'ARBOLETES',1,'A','2022-04-12 21:03:35',NULL,NULL),(94,'ARCABUCO',5,'A','2022-04-12 21:03:35',NULL,NULL),(95,'ARBOLEDA',17,'A','2022-04-12 21:03:35',NULL,NULL),(96,'ARBOLEDAS',18,'A','2022-04-12 21:03:35',NULL,NULL),(97,'ARATOCA',21,'A','2022-04-12 21:03:35',NULL,NULL),(98,'ARJONA',4,'A','2022-04-12 21:03:35',NULL,NULL),(99,'ARBELUEZ',11,'A','2022-04-12 21:03:35',NULL,NULL),(100,'ARACATACA',15,'A','2022-04-12 21:03:35',NULL,NULL),(101,'ARGELIA',24,'A','2022-04-12 21:03:35',NULL,NULL),(102,'ARGELIA',1,'A','2022-04-12 21:03:35',NULL,NULL),(103,'ARMERO',23,'A','2022-04-12 21:03:35',NULL,NULL),(104,'ARIGUANI',15,'A','2022-04-12 21:03:35',NULL,NULL),(105,'ARMENIA',1,'A','2022-04-12 21:03:35',NULL,NULL),(106,'BOSCONIA',9,'A','2022-04-12 21:03:35',NULL,NULL),(107,'ARROYOHONDO',4,'A','2022-04-12 21:03:35',NULL,NULL),(108,'ARAUQUITA',25,'A','2022-04-12 21:03:35',NULL,NULL),(109,'ATACO',23,'A','2022-04-12 21:03:35',NULL,NULL),(110,'AYAPEL',10,'A','2022-04-12 21:03:35',NULL,NULL),(111,'BAGADO',12,'A','2022-04-12 21:03:35',NULL,NULL),(112,'BARRANCO DE LOBA',4,'A','2022-04-12 21:03:35',NULL,NULL),(113,'BALBOA',8,'A','2022-04-12 21:03:35',NULL,NULL),(114,'BAHIA SOLANO',12,'A','2022-04-12 21:03:35',NULL,NULL),(115,'BALBOA',20,'A','2022-04-12 21:03:35',NULL,NULL),(116,'BAJO BAUDO',12,'A','2022-04-12 21:03:35',NULL,NULL),(117,'BARBOSA',21,'A','2022-04-12 21:03:35',NULL,NULL),(118,'BARANOA',2,'A','2022-04-12 21:03:35',NULL,NULL),(119,'BARAYA',13,'A','2022-04-12 21:03:35',NULL,NULL),(120,'BARRANCAS',14,'A','2022-04-12 21:03:35',NULL,NULL),(121,'BARBOSA',1,'A','2022-04-12 21:03:35',NULL,NULL),(122,'BUENAVISTA',10,'A','2022-04-12 21:03:35',NULL,NULL),(123,'BARBACOAS',17,'A','2022-04-12 21:03:35',NULL,NULL),(124,'BARICHARA',21,'A','2022-04-12 21:03:35',NULL,NULL),(125,'BARRANCABERMEJA',21,'A','2022-04-12 21:03:35',NULL,NULL),(126,'BELEN',17,'A','2022-04-12 21:03:35',NULL,NULL),(127,'BELMIRA',1,'A','2022-04-12 21:03:35',NULL,NULL),(128,'BELTRAN',11,'A','2022-04-12 21:03:35',NULL,NULL),(129,'BELEN DE BAJIRA',12,'A','2022-04-12 21:03:35',NULL,NULL),(130,'BELEN',5,'A','2022-04-12 21:03:35',NULL,NULL),(131,'BELLO',1,'A','2022-04-12 21:03:35',NULL,NULL),(132,'BELALCAZAR',6,'A','2022-04-12 21:03:35',NULL,NULL),(133,'BELEN DE UMBRIA',20,'A','2022-04-12 21:03:35',NULL,NULL),(134,'BERBEO',5,'A','2022-04-12 21:03:35',NULL,NULL),(135,'CANALETE',10,'A','2022-04-12 21:03:35',NULL,NULL),(136,'DIBULLA',14,'A','2022-04-12 21:03:35',NULL,NULL),(137,'BETANIA',1,'A','2022-04-12 21:03:35',NULL,NULL),(138,'BETEITIVA',5,'A','2022-04-12 21:03:35',NULL,NULL),(139,'BETULIA',21,'A','2022-04-12 21:03:35',NULL,NULL),(140,'BETULIA',1,'A','2022-04-12 21:03:35',NULL,NULL),(141,'BELEN DE LOS ANDAQUIES',7,'A','2022-04-12 21:03:35',NULL,NULL),(142,'BITUIMA',11,'A','2022-04-12 21:03:35',NULL,NULL),(143,'BOAVITA',5,'A','2022-04-12 21:03:35',NULL,NULL),(144,'DISTRACCION',14,'A','2022-04-12 21:03:35',NULL,NULL),(145,'BOJACA',11,'A','2022-04-12 21:03:35',NULL,NULL),(146,'BOJAYA',12,'A','2022-04-12 21:03:35',NULL,NULL),(147,'BOCHALEMA',18,'A','2022-04-12 21:03:35',NULL,NULL),(148,'BOLIVAR',8,'A','2022-04-12 21:03:35',NULL,NULL),(149,'BOLIVAR',24,'A','2022-04-12 21:03:35',NULL,NULL),(150,'CIUDAD BOLIVAR',1,'A','2022-04-12 21:03:35',NULL,NULL),(151,'BOLIVAR',21,'A','2022-04-12 21:03:35',NULL,NULL),(152,'BOYACA',5,'A','2022-04-12 21:03:35',NULL,NULL),(153,'BRICEÑO',5,'A','2022-04-12 21:03:35',NULL,NULL),(154,'BRICEÑO',1,'A','2022-04-12 21:03:35',NULL,NULL),(155,'BUENAVISTA',5,'A','2022-04-12 21:03:35',NULL,NULL),(156,'BUCARASICA',18,'A','2022-04-12 21:03:35',NULL,NULL),(157,'BUENAVENTURA',24,'A','2022-04-12 21:03:35',NULL,NULL),(158,'BUENOS AIRES',8,'A','2022-04-12 21:03:35',NULL,NULL),(159,'EL MOLINO',14,'A','2022-04-12 21:03:35',NULL,NULL),(160,'BARRANCA DE UPIA',16,'A','2022-04-12 21:03:35',NULL,NULL),(161,'BUESACO',17,'A','2022-04-12 21:03:35',NULL,NULL),(162,'BUENAVISTA',22,'A','2022-04-12 21:03:35',NULL,NULL),(163,'BUENAVISTA',19,'A','2022-04-12 21:03:35',NULL,NULL),(164,'GUADALAJARA DE BUGA',24,'A','2022-04-12 21:03:35',NULL,NULL),(165,'BURITICA',1,'A','2022-04-12 21:03:35',NULL,NULL),(166,'BUGALAGRANDE',24,'A','2022-04-12 21:03:35',NULL,NULL),(167,'BUSBANZA',5,'A','2022-04-12 21:03:35',NULL,NULL),(168,'CACERES',1,'A','2022-04-12 21:03:35',NULL,NULL),(169,'CABRERA',11,'A','2022-04-12 21:03:35',NULL,NULL),(170,'CABRERA',21,'A','2022-04-12 21:03:35',NULL,NULL),(171,'CAICEDONIA',24,'A','2022-04-12 21:03:35',NULL,NULL),(172,'CACHIPAY',11,'A','2022-04-12 21:03:35',NULL,NULL),(173,'CABUYARO',16,'A','2022-04-12 21:03:35',NULL,NULL),(174,'CAIMITO',22,'A','2022-04-12 21:03:35',NULL,NULL),(175,'CAJAMARCA',23,'A','2022-04-12 21:03:35',NULL,NULL),(176,'CAICEDO',1,'A','2022-04-12 21:03:35',NULL,NULL),(177,'CACOTA',18,'A','2022-04-12 21:03:35',NULL,NULL),(178,'HATO COROZAL',26,'A','2022-04-12 21:03:35',NULL,NULL),(179,'CAJICA',11,'A','2022-04-12 21:03:35',NULL,NULL),(180,'CALIMA',24,'A','2022-04-12 21:03:35',NULL,NULL),(181,'CACHIRA',18,'A','2022-04-12 21:03:35',NULL,NULL),(182,'CALDAS',1,'A','2022-04-12 21:03:35',NULL,NULL),(183,'CAJIBIO',8,'A','2022-04-12 21:03:35',NULL,NULL),(184,'CALARCA',19,'A','2022-04-12 21:03:35',NULL,NULL),(185,'CANDELARIA',24,'A','2022-04-12 21:03:35',NULL,NULL),(186,'CALDAS',5,'A','2022-04-12 21:03:35',NULL,NULL),(187,'CAMPOALEGRE',13,'A','2022-04-12 21:03:35',NULL,NULL),(188,'CALIFORNIA',21,'A','2022-04-12 21:03:35',NULL,NULL),(189,'CAMPAMENTO',1,'A','2022-04-12 21:03:35',NULL,NULL),(190,'CAMPOHERMOSO',5,'A','2022-04-12 21:03:35',NULL,NULL),(191,'EL CANTON DEL SAN PABLO',12,'A','2022-04-12 21:03:35',NULL,NULL),(192,'LA SALINA',26,'A','2022-04-12 21:03:35',NULL,NULL),(193,'CAMPO DE LA CRUZ',2,'A','2022-04-12 21:03:35',NULL,NULL),(194,'CALDONO',8,'A','2022-04-12 21:03:35',NULL,NULL),(195,'CAÑASGORDAS',1,'A','2022-04-12 21:03:35',NULL,NULL),(196,'MANI',26,'A','2022-04-12 21:03:35',NULL,NULL),(197,'CALAMAR',4,'A','2022-04-12 21:03:35',NULL,NULL),(198,'CANDELARIA',2,'A','2022-04-12 21:03:35',NULL,NULL),(199,'CARACOLI',1,'A','2022-04-12 21:03:35',NULL,NULL),(200,'CALOTO',8,'A','2022-04-12 21:03:35',NULL,NULL),(201,'CARAMANTA',1,'A','2022-04-12 21:03:35',NULL,NULL),(202,'CAREPA',1,'A','2022-04-12 21:03:35',NULL,NULL),(203,'CAPITANEJO',21,'A','2022-04-12 21:03:35',NULL,NULL),(204,'CARTAGO',24,'A','2022-04-12 21:03:35',NULL,NULL),(205,'EL CARMEN DE VIBORAL',1,'A','2022-04-12 21:03:35',NULL,NULL),(206,'CAPARRAPI',11,'A','2022-04-12 21:03:35',NULL,NULL),(207,'CARMEN DE APICALA',23,'A','2022-04-12 21:03:35',NULL,NULL),(208,'CAROLINA',1,'A','2022-04-12 21:03:35',NULL,NULL),(209,'CARTAGENA DEL CHAIRA',7,'A','2022-04-12 21:03:35',NULL,NULL),(210,'CARMEN DEL DARIEN',12,'A','2022-04-12 21:03:35',NULL,NULL),(211,'CASTILLA LA NUEVA',16,'A','2022-04-12 21:03:35',NULL,NULL),(212,'CAQUEZA',11,'A','2022-04-12 21:03:35',NULL,NULL),(213,'CARCASI',21,'A','2022-04-12 21:03:35',NULL,NULL),(214,'CASABIANCA',23,'A','2022-04-12 21:03:35',NULL,NULL),(215,'CAUCASIA',1,'A','2022-04-12 21:03:35',NULL,NULL),(216,'CARMEN DE CARUPA',11,'A','2022-04-12 21:03:35',NULL,NULL),(217,'CANTAGALLO',4,'A','2022-04-12 21:03:35',NULL,NULL),(218,'CERTEGUI',12,'A','2022-04-12 21:03:35',NULL,NULL),(219,'CEPITA',21,'A','2022-04-12 21:03:35',NULL,NULL),(220,'CERRO SAN ANTONIO',15,'A','2022-04-12 21:03:35',NULL,NULL),(221,'CARURU',32,'A','2022-04-12 21:03:35',NULL,NULL),(222,'CERINZA',5,'A','2022-04-12 21:03:35',NULL,NULL),(223,'CERETE',10,'A','2022-04-12 21:03:35',NULL,NULL),(224,'CERRITO',21,'A','2022-04-12 21:03:35',NULL,NULL),(225,'MONTERREY',26,'A','2022-04-12 21:03:35',NULL,NULL),(226,'CHARALA',21,'A','2022-04-12 21:03:35',NULL,NULL),(227,'CHIMA',10,'A','2022-04-12 21:03:35',NULL,NULL),(228,'CHAGUANI',11,'A','2022-04-12 21:03:35',NULL,NULL),(229,'CHAPARRAL',23,'A','2022-04-12 21:03:35',NULL,NULL),(230,'CHARTA',21,'A','2022-04-12 21:03:35',NULL,NULL),(231,'CHIBOLO',15,'A','2022-04-12 21:03:35',NULL,NULL),(232,'DOSQUEBRADAS',20,'A','2022-04-12 21:03:35',NULL,NULL),(233,'CHIGORODO',1,'A','2022-04-12 21:03:35',NULL,NULL),(234,'CHINAVITA',5,'A','2022-04-12 21:03:35',NULL,NULL),(235,'CHINACOTA',18,'A','2022-04-12 21:03:35',NULL,NULL),(236,'CHINCHINA',6,'A','2022-04-12 21:03:35',NULL,NULL),(237,'CHITAGA',18,'A','2022-04-12 21:03:35',NULL,NULL),(238,'CHIMICHAGUA',9,'A','2022-04-12 21:03:35',NULL,NULL),(239,'CHIA',11,'A','2022-04-12 21:03:35',NULL,NULL),(240,'CHIQUINQUIRA',5,'A','2022-04-12 21:03:35',NULL,NULL),(241,'CHIMA',21,'A','2022-04-12 21:03:35',NULL,NULL),(242,'CHIRIGUANA',9,'A','2022-04-12 21:03:35',NULL,NULL),(243,'CHIPAQUE',11,'A','2022-04-12 21:03:35',NULL,NULL),(244,'CHIPATA',21,'A','2022-04-12 21:03:35',NULL,NULL),(245,'CHISCAS',5,'A','2022-04-12 21:03:35',NULL,NULL),(246,'CHOACHI',11,'A','2022-04-12 21:03:35',NULL,NULL),(247,'CHINU',10,'A','2022-04-12 21:03:35',NULL,NULL),(248,'CHITA',5,'A','2022-04-12 21:03:35',NULL,NULL),(249,'CHOCONTA',11,'A','2022-04-12 21:03:35',NULL,NULL),(250,'CHITARAQUE',5,'A','2022-04-12 21:03:35',NULL,NULL),(251,'CHIVATA',5,'A','2022-04-12 21:03:35',NULL,NULL),(252,'CICUCO',4,'A','2022-04-12 21:03:35',NULL,NULL),(253,'CIENEGA',5,'A','2022-04-12 21:03:35',NULL,NULL),(254,'CIENAGA DE ORO',10,'A','2022-04-12 21:03:35',NULL,NULL),(255,'CIENAGA',15,'A','2022-04-12 21:03:35',NULL,NULL),(256,'CISNEROS',1,'A','2022-04-12 21:03:35',NULL,NULL),(257,'CIRCASIA',19,'A','2022-04-12 21:03:35',NULL,NULL),(258,'CIMITARRA',21,'A','2022-04-12 21:03:35',NULL,NULL),(259,'COCORNA',1,'A','2022-04-12 21:03:35',NULL,NULL),(260,'COGUA',11,'A','2022-04-12 21:03:35',NULL,NULL),(261,'COELLO',23,'A','2022-04-12 21:03:35',NULL,NULL),(262,'MIRAFLORES',31,'A','2022-04-12 21:03:35',NULL,NULL),(263,'COLON',17,'A','2022-04-12 21:03:35',NULL,NULL),(264,'COMBITA',5,'A','2022-04-12 21:03:35',NULL,NULL),(265,'COLOSO',22,'A','2022-04-12 21:03:35',NULL,NULL),(266,'CURILLO',7,'A','2022-04-12 21:03:35',NULL,NULL),(267,'CONDOTO',12,'A','2022-04-12 21:03:35',NULL,NULL),(268,'CONCORDIA',15,'A','2022-04-12 21:03:35',NULL,NULL),(269,'CONCEPCION',1,'A','2022-04-12 21:03:35',NULL,NULL),(270,'COLOMBIA',13,'A','2022-04-12 21:03:35',NULL,NULL),(271,'CONVENCION',18,'A','2022-04-12 21:03:35',NULL,NULL),(272,'CONSACA',17,'A','2022-04-12 21:03:35',NULL,NULL),(273,'CONCEPCION',21,'A','2022-04-12 21:03:35',NULL,NULL),(274,'CONCORDIA',1,'A','2022-04-12 21:03:35',NULL,NULL),(275,'CONFINES',21,'A','2022-04-12 21:03:35',NULL,NULL),(276,'CONTADERO',17,'A','2022-04-12 21:03:35',NULL,NULL),(277,'CONTRATACION',21,'A','2022-04-12 21:03:35',NULL,NULL),(278,'COPACABANA',1,'A','2022-04-12 21:03:35',NULL,NULL),(279,'CORDOBA',4,'A','2022-04-12 21:03:35',NULL,NULL),(280,'COPER',5,'A','2022-04-12 21:03:35',NULL,NULL),(281,'CORINTO',8,'A','2022-04-12 21:03:35',NULL,NULL),(282,'CORDOBA',19,'A','2022-04-12 21:03:35',NULL,NULL),(283,'COTA',11,'A','2022-04-12 21:03:35',NULL,NULL),(284,'CORRALES',5,'A','2022-04-12 21:03:35',NULL,NULL),(285,'CORDOBA',17,'A','2022-04-12 21:03:35',NULL,NULL),(286,'COROZAL',22,'A','2022-04-12 21:03:35',NULL,NULL),(287,'COROMORO',21,'A','2022-04-12 21:03:35',NULL,NULL),(288,'COYAIMA',23,'A','2022-04-12 21:03:35',NULL,NULL),(289,'COVARACHIA',5,'A','2022-04-12 21:03:35',NULL,NULL),(290,'COLON',27,'A','2022-04-12 21:03:35',NULL,NULL),(291,'CRAVO NORTE',25,'A','2022-04-12 21:03:35',NULL,NULL),(292,'COVEÑAS',22,'A','2022-04-12 21:03:35',NULL,NULL),(293,'CLEMENCIA',4,'A','2022-04-12 21:03:35',NULL,NULL),(294,'CUBARA',5,'A','2022-04-12 21:03:35',NULL,NULL),(295,'CUBARRAL',16,'A','2022-04-12 21:03:35',NULL,NULL),(296,'CUCUTILLA',18,'A','2022-04-12 21:03:35',NULL,NULL),(297,'CUCAITA',5,'A','2022-04-12 21:03:35',NULL,NULL),(298,'CUCUNUBA',11,'A','2022-04-12 21:03:35',NULL,NULL),(299,'CUASPUD',17,'A','2022-04-12 21:03:35',NULL,NULL),(300,'NUNCHIA',26,'A','2022-04-12 21:03:35',NULL,NULL),(301,'CUITIVA',5,'A','2022-04-12 21:03:35',NULL,NULL),(302,'CUMARAL',16,'A','2022-04-12 21:03:35',NULL,NULL),(303,'CUNDAY',23,'A','2022-04-12 21:03:35',NULL,NULL),(304,'CUMBAL',17,'A','2022-04-12 21:03:35',NULL,NULL),(305,'CURUMANI',9,'A','2022-04-12 21:03:35',NULL,NULL),(306,'CURITI',21,'A','2022-04-12 21:03:35',NULL,NULL),(307,'CHALAN',22,'A','2022-04-12 21:03:35',NULL,NULL),(308,'OROCUE',26,'A','2022-04-12 21:03:35',NULL,NULL),(309,'CHIQUIZA',5,'A','2022-04-12 21:03:35',NULL,NULL),(310,'CUMBITARA',17,'A','2022-04-12 21:03:35',NULL,NULL),(311,'EL ROBLE',22,'A','2022-04-12 21:03:35',NULL,NULL),(312,'DAGUA',24,'A','2022-04-12 21:03:35',NULL,NULL),(313,'DABEIBA',1,'A','2022-04-12 21:03:35',NULL,NULL),(314,'EL CARMEN DE CHUCURI',21,'A','2022-04-12 21:03:35',NULL,NULL),(315,'GALERAS',22,'A','2022-04-12 21:03:35',NULL,NULL),(316,'CHIVOR',5,'A','2022-04-12 21:03:35',NULL,NULL),(317,'DOLORES',23,'A','2022-04-12 21:03:35',NULL,NULL),(318,'DON MATIAS',1,'A','2022-04-12 21:03:35',NULL,NULL),(319,'DUITAMA',5,'A','2022-04-12 21:03:35',NULL,NULL),(320,'EL COPEY',9,'A','2022-04-12 21:03:35',NULL,NULL),(321,'DURANIA',18,'A','2022-04-12 21:03:35',NULL,NULL),(322,'EBEJICO',1,'A','2022-04-12 21:03:35',NULL,NULL),(323,'CHACHAGUI',17,'A','2022-04-12 21:03:35',NULL,NULL),(324,'EL AGUILA',24,'A','2022-04-12 21:03:35',NULL,NULL),(325,'EL CARMEN DE BOLIVAR',4,'A','2022-04-12 21:03:35',NULL,NULL),(326,'EL COCUY',5,'A','2022-04-12 21:03:35',NULL,NULL),(327,'ELIAS',13,'A','2022-04-12 21:03:35',NULL,NULL),(328,'EL COLEGIO',11,'A','2022-04-12 21:03:35',NULL,NULL),(329,'EL CARMEN DE ATRATO',12,'A','2022-04-12 21:03:35',NULL,NULL),(330,'EL BANCO',15,'A','2022-04-12 21:03:35',NULL,NULL),(331,'EL CALVARIO',16,'A','2022-04-12 21:03:35',NULL,NULL),(332,'EL CARMEN',18,'A','2022-04-12 21:03:35',NULL,NULL),(333,'EL GUACAMAYO',21,'A','2022-04-12 21:03:35',NULL,NULL),(334,'EL CAIRO',24,'A','2022-04-12 21:03:35',NULL,NULL),(335,'EL DONCELLO',7,'A','2022-04-12 21:03:35',NULL,NULL),(336,'EL GUAMO',4,'A','2022-04-12 21:03:35',NULL,NULL),(337,'EL ESPINO',5,'A','2022-04-12 21:03:35',NULL,NULL),(338,'EL CERRITO',24,'A','2022-04-12 21:03:35',NULL,NULL),(339,'EL BAGRE',1,'A','2022-04-12 21:03:35',NULL,NULL),(340,'EL PASO',9,'A','2022-04-12 21:03:35',NULL,NULL),(341,'EL LITORAL DEL SAN JUAN',12,'A','2022-04-12 21:03:35',NULL,NULL),(342,'EL CHARCO',17,'A','2022-04-12 21:03:35',NULL,NULL),(343,'EL TARRA',18,'A','2022-04-12 21:03:35',NULL,NULL),(344,'EL PEÑON',21,'A','2022-04-12 21:03:35',NULL,NULL),(345,'EL DOVIO',24,'A','2022-04-12 21:03:35',NULL,NULL),(346,'PAZ DE ARIPORO',26,'A','2022-04-12 21:03:35',NULL,NULL),(347,'EL CASTILLO',16,'A','2022-04-12 21:03:35',NULL,NULL),(348,'EL PEÑOL',17,'A','2022-04-12 21:03:35',NULL,NULL),(349,'EL PLAYON',21,'A','2022-04-12 21:03:35',NULL,NULL),(350,'EL PAUJIL',7,'A','2022-04-12 21:03:35',NULL,NULL),(351,'EL TAMBO',8,'A','2022-04-12 21:03:35',NULL,NULL),(352,'EL ROSARIO',17,'A','2022-04-12 21:03:35',NULL,NULL),(353,'EL PEÑON',11,'A','2022-04-12 21:03:35',NULL,NULL),(354,'EL PIÑON',15,'A','2022-04-12 21:03:35',NULL,NULL),(355,'EL TABLON DE GOMEZ',17,'A','2022-04-12 21:03:35',NULL,NULL),(356,'EL ROSAL',11,'A','2022-04-12 21:03:35',NULL,NULL),(357,'EL TAMBO',17,'A','2022-04-12 21:03:35',NULL,NULL),(358,'EL ZULIA',18,'A','2022-04-12 21:03:35',NULL,NULL),(359,'PORE',26,'A','2022-04-12 21:03:35',NULL,NULL),(360,'EL ENCANTO',29,'A','2022-04-12 21:03:35',NULL,NULL),(361,'ENTRERRIOS',1,'A','2022-04-12 21:03:35',NULL,NULL),(362,'ENCINO',21,'A','2022-04-12 21:03:35',NULL,NULL),(363,'GUARANDA',22,'A','2022-04-12 21:03:35',NULL,NULL),(364,'ENVIGADO',1,'A','2022-04-12 21:03:35',NULL,NULL),(365,'ENCISO',21,'A','2022-04-12 21:03:35',NULL,NULL),(366,'EL PEÑON',4,'A','2022-04-12 21:03:35',NULL,NULL),(367,'EL RETEN',15,'A','2022-04-12 21:03:35',NULL,NULL),(368,'ESPINAL',23,'A','2022-04-12 21:03:35',NULL,NULL),(369,'FACATATIVA',11,'A','2022-04-12 21:03:35',NULL,NULL),(370,'EL DORADO',16,'A','2022-04-12 21:03:35',NULL,NULL),(371,'FALAN',23,'A','2022-04-12 21:03:35',NULL,NULL),(372,'FLORIAN',21,'A','2022-04-12 21:03:35',NULL,NULL),(373,'FIRAVITOBA',5,'A','2022-04-12 21:03:35',NULL,NULL),(374,'FILADELFIA',6,'A','2022-04-12 21:03:35',NULL,NULL),(375,'FILANDIA',19,'A','2022-04-12 21:03:35',NULL,NULL),(376,'FLANDES',23,'A','2022-04-12 21:03:35',NULL,NULL),(377,'FLORIDA',24,'A','2022-04-12 21:03:35',NULL,NULL),(378,'FLORESTA',5,'A','2022-04-12 21:03:35',NULL,NULL),(379,'FLORIDABLANCA',21,'A','2022-04-12 21:03:35',NULL,NULL),(380,'FOMEQUE',11,'A','2022-04-12 21:03:35',NULL,NULL),(381,'FONSECA',14,'A','2022-04-12 21:03:35',NULL,NULL),(382,'RECETOR',26,'A','2022-04-12 21:03:35',NULL,NULL),(383,'FOSCA',11,'A','2022-04-12 21:03:35',NULL,NULL),(384,'FREDONIA',1,'A','2022-04-12 21:03:35',NULL,NULL),(385,'FRESNO',23,'A','2022-04-12 21:03:35',NULL,NULL),(386,'FRONTINO',1,'A','2022-04-12 21:03:35',NULL,NULL),(387,'FUNZA',11,'A','2022-04-12 21:03:35',NULL,NULL),(388,'FUENTE DE ORO',16,'A','2022-04-12 21:03:35',NULL,NULL),(389,'FUNES',17,'A','2022-04-12 21:03:35',NULL,NULL),(390,'FUQUENE',11,'A','2022-04-12 21:03:35',NULL,NULL),(391,'FUNDACION',15,'A','2022-04-12 21:03:35',NULL,NULL),(392,'FLORENCIA',8,'A','2022-04-12 21:03:35',NULL,NULL),(393,'FUSAGASUGA',11,'A','2022-04-12 21:03:35',NULL,NULL),(394,'GACHANTIVA',5,'A','2022-04-12 21:03:35',NULL,NULL),(395,'GACHALA',11,'A','2022-04-12 21:03:35',NULL,NULL),(396,'GAMARRA',9,'A','2022-04-12 21:03:35',NULL,NULL),(397,'GACHANCIPA',11,'A','2022-04-12 21:03:35',NULL,NULL),(398,'GALAPA',2,'A','2022-04-12 21:03:35',NULL,NULL),(399,'GAMEZA',5,'A','2022-04-12 21:03:35',NULL,NULL),(400,'GALAN',21,'A','2022-04-12 21:03:35',NULL,NULL),(401,'GACHETA',11,'A','2022-04-12 21:03:35',NULL,NULL),(402,'GARZON',13,'A','2022-04-12 21:03:35',NULL,NULL),(403,'GAMBITA',21,'A','2022-04-12 21:03:35',NULL,NULL),(404,'GARAGOA',5,'A','2022-04-12 21:03:35',NULL,NULL),(405,'GAMA',11,'A','2022-04-12 21:03:35',NULL,NULL),(406,'HATILLO DE LOBA',4,'A','2022-04-12 21:03:35',NULL,NULL),(407,'COTORRA',10,'A','2022-04-12 21:03:35',NULL,NULL),(408,'FORTUL',25,'A','2022-04-12 21:03:35',NULL,NULL),(409,'SABANALARGA',26,'A','2022-04-12 21:03:35',NULL,NULL),(410,'GENOVA',19,'A','2022-04-12 21:03:35',NULL,NULL),(411,'GIRALDO',1,'A','2022-04-12 21:03:35',NULL,NULL),(412,'GIGANTE',13,'A','2022-04-12 21:03:35',NULL,NULL),(413,'GINEBRA',24,'A','2022-04-12 21:03:35',NULL,NULL),(414,'GIRARDOT',11,'A','2022-04-12 21:03:35',NULL,NULL),(415,'GIRON',21,'A','2022-04-12 21:03:35',NULL,NULL),(416,'GIRARDOTA',1,'A','2022-04-12 21:03:35',NULL,NULL),(417,'GOMEZ PLATA',1,'A','2022-04-12 21:03:35',NULL,NULL),(418,'GONZALEZ',9,'A','2022-04-12 21:03:35',NULL,NULL),(419,'GRANADA',11,'A','2022-04-12 21:03:35',NULL,NULL),(420,'GRANADA',1,'A','2022-04-12 21:03:35',NULL,NULL),(421,'GRANADA',16,'A','2022-04-12 21:03:35',NULL,NULL),(422,'GRAMALOTE',18,'A','2022-04-12 21:03:35',NULL,NULL),(423,'GUADALUPE',1,'A','2022-04-12 21:03:35',NULL,NULL),(424,'SACAMA',26,'A','2022-04-12 21:03:35',NULL,NULL),(425,'GUACAMAYAS',5,'A','2022-04-12 21:03:35',NULL,NULL),(426,'GUACHETA',11,'A','2022-04-12 21:03:35',NULL,NULL),(427,'GUACHUCAL',17,'A','2022-04-12 21:03:35',NULL,NULL),(428,'GUARNE',1,'A','2022-04-12 21:03:35',NULL,NULL),(429,'GUAPI',8,'A','2022-04-12 21:03:35',NULL,NULL),(430,'GUAMAL',15,'A','2022-04-12 21:03:35',NULL,NULL),(431,'GUAMAL',16,'A','2022-04-12 21:03:35',NULL,NULL),(432,'GUATICA',20,'A','2022-04-12 21:03:35',NULL,NULL),(433,'GUACA',21,'A','2022-04-12 21:03:35',NULL,NULL),(434,'GUACARI',24,'A','2022-04-12 21:03:35',NULL,NULL),(435,'GUADALUPE',13,'A','2022-04-12 21:03:35',NULL,NULL),(436,'GUAMO',23,'A','2022-04-12 21:03:35',NULL,NULL),(437,'GUADUAS',11,'A','2022-04-12 21:03:35',NULL,NULL),(438,'GUAITARILLA',17,'A','2022-04-12 21:03:35',NULL,NULL),(439,'GUADALUPE',21,'A','2022-04-12 21:03:35',NULL,NULL),(440,'ORITO',27,'A','2022-04-12 21:03:35',NULL,NULL),(441,'GUATAPE',1,'A','2022-04-12 21:03:35',NULL,NULL),(442,'GUATEQUE',5,'A','2022-04-12 21:03:35',NULL,NULL),(443,'GUASCA',11,'A','2022-04-12 21:03:35',NULL,NULL),(444,'GUAPOTA',21,'A','2022-04-12 21:03:35',NULL,NULL),(445,'GUALMATAN',17,'A','2022-04-12 21:03:35',NULL,NULL),(446,'GUATAQUI',11,'A','2022-04-12 21:03:35',NULL,NULL),(447,'GUAVATA',21,'A','2022-04-12 21:03:35',NULL,NULL),(448,'GUAYATA',5,'A','2022-04-12 21:03:35',NULL,NULL),(449,'MAPIRIPAN',16,'A','2022-04-12 21:03:35',NULL,NULL),(450,'SAN LUIS DE PALENQUE',26,'A','2022-04-12 21:03:35',NULL,NULL),(451,'GUATAVITA',11,'A','2022-04-12 21:03:35',NULL,NULL),(452,'GUEPSA',21,'A','2022-04-12 21:03:35',NULL,NULL),(453,'GUAYABAL DE SIQUIMA',11,'A','2022-04-12 21:03:35',NULL,NULL),(454,'MESETAS',16,'A','2022-04-12 21:03:35',NULL,NULL),(455,'GUICAN',5,'A','2022-04-12 21:03:35',NULL,NULL),(456,'GUAYABETAL',11,'A','2022-04-12 21:03:35',NULL,NULL),(457,'GUTIERREZ',11,'A','2022-04-12 21:03:35',NULL,NULL),(458,'BARRANCO MINAS',30,'A','2022-04-12 21:03:35',NULL,NULL),(459,'HACARI',18,'A','2022-04-12 21:03:35',NULL,NULL),(460,'HATO',21,'A','2022-04-12 21:03:35',NULL,NULL),(461,'HELICONIA',1,'A','2022-04-12 21:03:35',NULL,NULL),(462,'HERRAN',18,'A','2022-04-12 21:03:35',NULL,NULL),(463,'HERVEO',23,'A','2022-04-12 21:03:35',NULL,NULL),(464,'HOBO',13,'A','2022-04-12 21:03:35',NULL,NULL),(465,'HONDA',23,'A','2022-04-12 21:03:35',NULL,NULL),(466,'LA APARTADA',10,'A','2022-04-12 21:03:35',NULL,NULL),(467,'LA MACARENA',16,'A','2022-04-12 21:03:35',NULL,NULL),(468,'ILES',17,'A','2022-04-12 21:03:35',NULL,NULL),(469,'ICONONZO',23,'A','2022-04-12 21:03:35',NULL,NULL),(470,'HISPANIA',1,'A','2022-04-12 21:03:35',NULL,NULL),(471,'IMUES',17,'A','2022-04-12 21:03:35',NULL,NULL),(472,'INZA',8,'A','2022-04-12 21:03:35',NULL,NULL),(473,'IPIALES',17,'A','2022-04-12 21:03:35',NULL,NULL),(474,'IQUIRA',13,'A','2022-04-12 21:03:35',NULL,NULL),(475,'ISNOS',13,'A','2022-04-12 21:03:35',NULL,NULL),(476,'ITAGUI',1,'A','2022-04-12 21:03:35',NULL,NULL),(477,'ITUANGO',1,'A','2022-04-12 21:03:35',NULL,NULL),(478,'ISTMINA',12,'A','2022-04-12 21:03:35',NULL,NULL),(479,'IZA',5,'A','2022-04-12 21:03:35',NULL,NULL),(480,'JARDIN',1,'A','2022-04-12 21:03:35',NULL,NULL),(481,'JAMBALO',8,'A','2022-04-12 21:03:35',NULL,NULL),(482,'JAMUNDI',24,'A','2022-04-12 21:03:35',NULL,NULL),(483,'JENESANO',5,'A','2022-04-12 21:03:35',NULL,NULL),(484,'JERICO',1,'A','2022-04-12 21:03:35',NULL,NULL),(485,'JERICO',5,'A','2022-04-12 21:03:35',NULL,NULL),(486,'JERUSALEN',11,'A','2022-04-12 21:03:35',NULL,NULL),(487,'JESUS MARIA',21,'A','2022-04-12 21:03:35',NULL,NULL),(488,'URIBE',16,'A','2022-04-12 21:03:35',NULL,NULL),(489,'JORDAN',21,'A','2022-04-12 21:03:35',NULL,NULL),(490,'JUAN DE ACOSTA',2,'A','2022-04-12 21:03:35',NULL,NULL),(491,'JUNIN',11,'A','2022-04-12 21:03:35',NULL,NULL),(492,'JURADO',12,'A','2022-04-12 21:03:35',NULL,NULL),(493,'LA CEJA',1,'A','2022-04-12 21:03:35',NULL,NULL),(494,'LABRANZAGRANDE',5,'A','2022-04-12 21:03:35',NULL,NULL),(495,'LA CALERA',11,'A','2022-04-12 21:03:35',NULL,NULL),(496,'LABATECA',18,'A','2022-04-12 21:03:35',NULL,NULL),(497,'LA BELLEZA',21,'A','2022-04-12 21:03:35',NULL,NULL),(498,'LA CUMBRE',24,'A','2022-04-12 21:03:35',NULL,NULL),(499,'LA ARGENTINA',13,'A','2022-04-12 21:03:35',NULL,NULL),(500,'HATONUEVO',14,'A','2022-04-12 21:03:35',NULL,NULL),(501,'LA CRUZ',17,'A','2022-04-12 21:03:35',NULL,NULL),(502,'LA ESTRELLA',1,'A','2022-04-12 21:03:35',NULL,NULL),(503,'LA CAPILLA',5,'A','2022-04-12 21:03:35',NULL,NULL),(504,'LA DORADA',6,'A','2022-04-12 21:03:35',NULL,NULL),(505,'LA FLORIDA',17,'A','2022-04-12 21:03:35',NULL,NULL),(506,'LA GLORIA',9,'A','2022-04-12 21:03:35',NULL,NULL),(507,'LA CELIA',20,'A','2022-04-12 21:03:35',NULL,NULL),(508,'LA LLANADA',17,'A','2022-04-12 21:03:35',NULL,NULL),(509,'LA ESPERANZA',18,'A','2022-04-12 21:03:35',NULL,NULL),(510,'LANDAZURI',21,'A','2022-04-12 21:03:35',NULL,NULL),(511,'LA MESA',11,'A','2022-04-12 21:03:35',NULL,NULL),(512,'LA MERCED',6,'A','2022-04-12 21:03:35',NULL,NULL),(513,'LA PINTADA',1,'A','2022-04-12 21:03:35',NULL,NULL),(514,'LA TOLA',17,'A','2022-04-12 21:03:35',NULL,NULL),(515,'LA SIERRA',8,'A','2022-04-12 21:03:35',NULL,NULL),(516,'LA PALMA',11,'A','2022-04-12 21:03:35',NULL,NULL),(517,'LA PLATA',13,'A','2022-04-12 21:03:35',NULL,NULL),(518,'LA VEGA',8,'A','2022-04-12 21:03:35',NULL,NULL),(519,'LA PAZ',21,'A','2022-04-12 21:03:35',NULL,NULL),(520,'LA PEÑA',11,'A','2022-04-12 21:03:35',NULL,NULL),(521,'LA PLAYA',18,'A','2022-04-12 21:03:35',NULL,NULL),(522,'LA UNION',17,'A','2022-04-12 21:03:35',NULL,NULL),(523,'LA UNION',1,'A','2022-04-12 21:03:35',NULL,NULL),(524,'LA JAGUA DE IBIRICO',9,'A','2022-04-12 21:03:35',NULL,NULL),(525,'LEJANIAS',16,'A','2022-04-12 21:03:35',NULL,NULL),(526,'LA VIRGINIA',20,'A','2022-04-12 21:03:35',NULL,NULL),(527,'LA UNION',22,'A','2022-04-12 21:03:35',NULL,NULL),(528,'LA UNION',24,'A','2022-04-12 21:03:35',NULL,NULL),(529,'TAMARA',26,'A','2022-04-12 21:03:35',NULL,NULL),(530,'LA VICTORIA',5,'A','2022-04-12 21:03:35',NULL,NULL),(531,'LA TEBAIDA',19,'A','2022-04-12 21:03:35',NULL,NULL),(532,'LA VEGA',11,'A','2022-04-12 21:03:35',NULL,NULL),(533,'LA UVITA',5,'A','2022-04-12 21:03:35',NULL,NULL),(534,'LA VICTORIA',24,'A','2022-04-12 21:03:35',NULL,NULL),(535,'LEIVA',17,'A','2022-04-12 21:03:35',NULL,NULL),(536,'LOS PATIOS',18,'A','2022-04-12 21:03:35',NULL,NULL),(537,'LA CHORRERA',29,'A','2022-04-12 21:03:35',NULL,NULL),(538,'LEBRIJA',21,'A','2022-04-12 21:03:35',NULL,NULL),(539,'VILLA DE LEYVA',5,'A','2022-04-12 21:03:35',NULL,NULL),(540,'LENGUAZAQUE',11,'A','2022-04-12 21:03:35',NULL,NULL),(541,'LA PEDRERA',29,'A','2022-04-12 21:03:35',NULL,NULL),(542,'LERIDA',23,'A','2022-04-12 21:03:35',NULL,NULL),(543,'LA MONTAÑITA',7,'A','2022-04-12 21:03:35',NULL,NULL),(544,'TAURAMENA',26,'A','2022-04-12 21:03:35',NULL,NULL),(545,'LIBORINA',1,'A','2022-04-12 21:03:35',NULL,NULL),(546,'LINARES',17,'A','2022-04-12 21:03:35',NULL,NULL),(547,'LIBANO',23,'A','2022-04-12 21:03:35',NULL,NULL),(548,'LLORO',12,'A','2022-04-12 21:03:35',NULL,NULL),(549,'LORICA',10,'A','2022-04-12 21:03:35',NULL,NULL),(550,'LOPEZ',8,'A','2022-04-12 21:03:35',NULL,NULL),(551,'LOS ANDES',17,'A','2022-04-12 21:03:35',NULL,NULL),(552,'LOURDES',18,'A','2022-04-12 21:03:35',NULL,NULL),(553,'LOS SANTOS',21,'A','2022-04-12 21:03:35',NULL,NULL),(554,'LOS PALMITOS',22,'A','2022-04-12 21:03:35',NULL,NULL),(555,'LOS CORDOBAS',10,'A','2022-04-12 21:03:35',NULL,NULL),(556,'LA JAGUA DEL PILAR',14,'A','2022-04-12 21:03:35',NULL,NULL),(557,'LURUACO',2,'A','2022-04-12 21:03:35',NULL,NULL),(558,'MACEO',1,'A','2022-04-12 21:03:35',NULL,NULL),(559,'MACANAL',5,'A','2022-04-12 21:03:35',NULL,NULL),(560,'MEDIO ATRATO',12,'A','2022-04-12 21:03:35',NULL,NULL),(561,'MACARAVITA',21,'A','2022-04-12 21:03:35',NULL,NULL),(562,'MACHETA',11,'A','2022-04-12 21:03:35',NULL,NULL),(563,'MAGUI',17,'A','2022-04-12 21:03:35',NULL,NULL),(564,'MAJAGUAL',22,'A','2022-04-12 21:03:35',NULL,NULL),(565,'MAGANGUE',4,'A','2022-04-12 21:03:35',NULL,NULL),(566,'MADRID',11,'A','2022-04-12 21:03:35',NULL,NULL),(567,'MEDIO BAUDO',12,'A','2022-04-12 21:03:35',NULL,NULL),(568,'MAICAO',14,'A','2022-04-12 21:03:35',NULL,NULL),(569,'TRINIDAD',26,'A','2022-04-12 21:03:35',NULL,NULL),(570,'LA VICTORIA',29,'A','2022-04-12 21:03:35',NULL,NULL),(571,'MALAGA',21,'A','2022-04-12 21:03:35',NULL,NULL),(572,'MALAMBO',2,'A','2022-04-12 21:03:35',NULL,NULL),(573,'MAHATES',4,'A','2022-04-12 21:03:35',NULL,NULL),(574,'MANZANARES',6,'A','2022-04-12 21:03:35',NULL,NULL),(575,'MALLAMA',17,'A','2022-04-12 21:03:35',NULL,NULL),(576,'MANATI',2,'A','2022-04-12 21:03:35',NULL,NULL),(577,'MANTA',11,'A','2022-04-12 21:03:35',NULL,NULL),(578,'MEDINA',11,'A','2022-04-12 21:03:35',NULL,NULL),(579,'MARINILLA',1,'A','2022-04-12 21:03:35',NULL,NULL),(580,'MARGARITA',4,'A','2022-04-12 21:03:35',NULL,NULL),(581,'MARSELLA',20,'A','2022-04-12 21:03:35',NULL,NULL),(582,'VILLANUEVA',26,'A','2022-04-12 21:03:35',NULL,NULL),(583,'MARIA LA BAJA',4,'A','2022-04-12 21:03:35',NULL,NULL),(584,'MARIPI',5,'A','2022-04-12 21:03:35',NULL,NULL),(585,'MARMATO',6,'A','2022-04-12 21:03:35',NULL,NULL),(586,'MANAURE',9,'A','2022-04-12 21:03:35',NULL,NULL),(587,'MARIQUITA',23,'A','2022-04-12 21:03:35',NULL,NULL),(588,'MARQUETALIA',6,'A','2022-04-12 21:03:35',NULL,NULL),(589,'MATANZA',21,'A','2022-04-12 21:03:35',NULL,NULL),(590,'MARULANDA',6,'A','2022-04-12 21:03:35',NULL,NULL),(591,'MELGAR',23,'A','2022-04-12 21:03:35',NULL,NULL),(592,'MERCADERES',8,'A','2022-04-12 21:03:35',NULL,NULL),(593,'MEDIO SAN JUAN',12,'A','2022-04-12 21:03:35',NULL,NULL),(594,'PUERTO CONCORDIA',16,'A','2022-04-12 21:03:35',NULL,NULL),(595,'MIRAFLORES',5,'A','2022-04-12 21:03:35',NULL,NULL),(596,'MIRANDA',8,'A','2022-04-12 21:03:35',NULL,NULL),(597,'MISTRATO',20,'A','2022-04-12 21:03:35',NULL,NULL),(598,'MONTECRISTO',4,'A','2022-04-12 21:03:35',NULL,NULL),(599,'MILAN',7,'A','2022-04-12 21:03:35',NULL,NULL),(600,'NUEVA GRANADA',15,'A','2022-04-12 21:03:35',NULL,NULL),(601,'MIRITI - PARANA',29,'A','2022-04-12 21:03:35',NULL,NULL),(602,'MURILLO',23,'A','2022-04-12 21:03:35',NULL,NULL),(603,'MONGUA',5,'A','2022-04-12 21:03:35',NULL,NULL),(604,'MOMIL',10,'A','2022-04-12 21:03:35',NULL,NULL),(605,'MOGOTES',21,'A','2022-04-12 21:03:35',NULL,NULL),(606,'MONGUI',5,'A','2022-04-12 21:03:35',NULL,NULL),(607,'MONTELIBANO',10,'A','2022-04-12 21:03:35',NULL,NULL),(608,'MONTEBELLO',1,'A','2022-04-12 21:03:35',NULL,NULL),(609,'MOMPOS',4,'A','2022-04-12 21:03:35',NULL,NULL),(610,'MOLAGAVITA',21,'A','2022-04-12 21:03:35',NULL,NULL),(611,'MONIQUIRA',5,'A','2022-04-12 21:03:35',NULL,NULL),(612,'MONTENEGRO',19,'A','2022-04-12 21:03:35',NULL,NULL),(613,'MORALES',4,'A','2022-04-12 21:03:35',NULL,NULL),(614,'MORALES',8,'A','2022-04-12 21:03:35',NULL,NULL),(615,'MOSQUERA',11,'A','2022-04-12 21:03:35',NULL,NULL),(616,'MOSQUERA',17,'A','2022-04-12 21:03:35',NULL,NULL),(617,'MORROA',22,'A','2022-04-12 21:03:35',NULL,NULL),(618,'MURINDO',1,'A','2022-04-12 21:03:35',NULL,NULL),(619,'MOTAVITA',5,'A','2022-04-12 21:03:35',NULL,NULL),(620,'MORELIA',7,'A','2022-04-12 21:03:35',NULL,NULL),(621,'MUTATA',1,'A','2022-04-12 21:03:35',NULL,NULL),(622,'MUZO',5,'A','2022-04-12 21:03:35',NULL,NULL),(623,'NARIÑO',17,'A','2022-04-12 21:03:35',NULL,NULL),(624,'MUTISCUA',18,'A','2022-04-12 21:03:35',NULL,NULL),(625,'NARIÑO',1,'A','2022-04-12 21:03:35',NULL,NULL),(626,'NARIÑO',11,'A','2022-04-12 21:03:35',NULL,NULL),(627,'NATAGA',13,'A','2022-04-12 21:03:35',NULL,NULL),(628,'NATAGAIMA',23,'A','2022-04-12 21:03:35',NULL,NULL),(629,'NEIRA',6,'A','2022-04-12 21:03:35',NULL,NULL),(630,'NEMOCON',11,'A','2022-04-12 21:03:35',NULL,NULL),(631,'NILO',11,'A','2022-04-12 21:03:35',NULL,NULL),(632,'NIMAIMA',11,'A','2022-04-12 21:03:35',NULL,NULL),(633,'NECOCLI',1,'A','2022-04-12 21:03:35',NULL,NULL),(634,'OLAYA HERRERA',17,'A','2022-04-12 21:03:35',NULL,NULL),(635,'NOBSA',5,'A','2022-04-12 21:03:35',NULL,NULL),(636,'NOCAIMA',11,'A','2022-04-12 21:03:35',NULL,NULL),(637,'NOVITA',12,'A','2022-04-12 21:03:35',NULL,NULL),(638,'NUEVO COLON',5,'A','2022-04-12 21:03:35',NULL,NULL),(639,'NECHI',1,'A','2022-04-12 21:03:35',NULL,NULL),(640,'NORCASIA',6,'A','2022-04-12 21:03:35',NULL,NULL),(641,'NUQUI',12,'A','2022-04-12 21:03:35',NULL,NULL),(642,'OBANDO',24,'A','2022-04-12 21:03:35',NULL,NULL),(643,'OCAÑA',18,'A','2022-04-12 21:03:35',NULL,NULL),(644,'OCAMONTE',21,'A','2022-04-12 21:03:35',NULL,NULL),(645,'OICATA',5,'A','2022-04-12 21:03:35',NULL,NULL),(646,'MOÑITOS',10,'A','2022-04-12 21:03:35',NULL,NULL),(647,'OIBA',21,'A','2022-04-12 21:03:35',NULL,NULL),(648,'OLAYA',1,'A','2022-04-12 21:03:35',NULL,NULL),(649,'ONZAGA',21,'A','2022-04-12 21:03:35',NULL,NULL),(650,'OPORAPA',13,'A','2022-04-12 21:03:35',NULL,NULL),(651,'ORTEGA',23,'A','2022-04-12 21:03:35',NULL,NULL),(652,'VENECIA',11,'A','2022-04-12 21:03:35',NULL,NULL),(653,'OSPINA',17,'A','2022-04-12 21:03:35',NULL,NULL),(654,'OTANCHE',5,'A','2022-04-12 21:03:35',NULL,NULL),(655,'OVEJAS',22,'A','2022-04-12 21:03:35',NULL,NULL),(656,'PACHAVITA',5,'A','2022-04-12 21:03:35',NULL,NULL),(657,'PACOA',32,'A','2022-04-12 21:03:35',NULL,NULL),(658,'PACORA',6,'A','2022-04-12 21:03:35',NULL,NULL),(659,'PADILLA',8,'A','2022-04-12 21:03:35',NULL,NULL),(660,'PACHO',11,'A','2022-04-12 21:03:35',NULL,NULL),(661,'PAEZ',5,'A','2022-04-12 21:03:35',NULL,NULL),(662,'PAIPA',5,'A','2022-04-12 21:03:35',NULL,NULL),(663,'PAEZ',8,'A','2022-04-12 21:03:35',NULL,NULL),(664,'PAILITAS',9,'A','2022-04-12 21:03:35',NULL,NULL),(665,'PAJARITO',5,'A','2022-04-12 21:03:35',NULL,NULL),(666,'PAIME',11,'A','2022-04-12 21:03:35',NULL,NULL),(667,'PAICOL',13,'A','2022-04-12 21:03:35',NULL,NULL),(668,'PAMPLONA',18,'A','2022-04-12 21:03:35',NULL,NULL),(669,'PALMAR DE VARELA',2,'A','2022-04-12 21:03:35',NULL,NULL),(670,'FRANCISCO PIZARRO',17,'A','2022-04-12 21:03:35',NULL,NULL),(671,'PAMPLONITA',18,'A','2022-04-12 21:03:35',NULL,NULL),(672,'PALOCABILDO',23,'A','2022-04-12 21:03:35',NULL,NULL),(673,'PALMIRA',24,'A','2022-04-12 21:03:35',NULL,NULL),(674,'PANQUEBA',5,'A','2022-04-12 21:03:35',NULL,NULL),(675,'PALMAR',21,'A','2022-04-12 21:03:35',NULL,NULL),(676,'PALMITO',22,'A','2022-04-12 21:03:35',NULL,NULL),(677,'PALESTINA',6,'A','2022-04-12 21:03:35',NULL,NULL),(678,'PANDI',11,'A','2022-04-12 21:03:35',NULL,NULL),(679,'PALERMO',13,'A','2022-04-12 21:03:35',NULL,NULL),(680,'PALMAS DEL SOCORRO',21,'A','2022-04-12 21:03:35',NULL,NULL),(681,'LA PRIMAVERA',33,'A','2022-04-12 21:03:35',NULL,NULL),(682,'PARATEBUENO',11,'A','2022-04-12 21:03:35',NULL,NULL),(683,'PALESTINA',13,'A','2022-04-12 21:03:35',NULL,NULL),(684,'PUERTO ALEGRIA',29,'A','2022-04-12 21:03:35',NULL,NULL),(685,'PAUNA',5,'A','2022-04-12 21:03:35',NULL,NULL),(686,'PATIA',8,'A','2022-04-12 21:03:35',NULL,NULL),(687,'PAYA',5,'A','2022-04-12 21:03:35',NULL,NULL),(688,'PIAMONTE',8,'A','2022-04-12 21:03:35',NULL,NULL),(689,'PARAMO',21,'A','2022-04-12 21:03:35',NULL,NULL),(690,'PASCA',11,'A','2022-04-12 21:03:35',NULL,NULL),(691,'PUERTO ARICA',29,'A','2022-04-12 21:03:35',NULL,NULL),(692,'PAZ DE RIO',5,'A','2022-04-12 21:03:35',NULL,NULL),(693,'POLICARPA',17,'A','2022-04-12 21:03:35',NULL,NULL),(694,'PUERTO NARIÑO',29,'A','2022-04-12 21:03:35',NULL,NULL),(695,'PEÑOL',1,'A','2022-04-12 21:03:35',NULL,NULL),(696,'PENSILVANIA',6,'A','2022-04-12 21:03:35',NULL,NULL),(697,'PEDRAZA',15,'A','2022-04-12 21:03:35',NULL,NULL),(698,'PESCA',5,'A','2022-04-12 21:03:35',NULL,NULL),(699,'PEQUE',1,'A','2022-04-12 21:03:35',NULL,NULL),(700,'PIJIÑO DEL CARMEN',15,'A','2022-04-12 21:03:35',NULL,NULL),(701,'PIEDECUESTA',21,'A','2022-04-12 21:03:35',NULL,NULL),(702,'PIEDRAS',23,'A','2022-04-12 21:03:35',NULL,NULL),(703,'PIENDAMO',8,'A','2022-04-12 21:03:35',NULL,NULL),(704,'PITAL',13,'A','2022-04-12 21:03:35',NULL,NULL),(705,'PIJAO',19,'A','2022-04-12 21:03:35',NULL,NULL),(706,'PIOJO',2,'A','2022-04-12 21:03:35',NULL,NULL),(707,'PINILLOS',4,'A','2022-04-12 21:03:35',NULL,NULL),(708,'PINCHOTE',21,'A','2022-04-12 21:03:35',NULL,NULL),(709,'PISBA',5,'A','2022-04-12 21:03:35',NULL,NULL),(710,'PELAYA',9,'A','2022-04-12 21:03:35',NULL,NULL),(711,'PITALITO',13,'A','2022-04-12 21:03:35',NULL,NULL),(712,'PIVIJAY',15,'A','2022-04-12 21:03:35',NULL,NULL),(713,'PUERTO SANTANDER',18,'A','2022-04-12 21:03:35',NULL,NULL),(714,'PLANETA RICA',10,'A','2022-04-12 21:03:35',NULL,NULL),(715,'PLATO',15,'A','2022-04-12 21:03:35',NULL,NULL),(716,'PLANADAS',23,'A','2022-04-12 21:03:35',NULL,NULL),(717,'POLONUEVO',2,'A','2022-04-12 21:03:35',NULL,NULL),(718,'PONEDERA',2,'A','2022-04-12 21:03:35',NULL,NULL),(719,'MANAURE',14,'A','2022-04-12 21:03:35',NULL,NULL),(720,'POTOSI',17,'A','2022-04-12 21:03:35',NULL,NULL),(721,'PRADO',23,'A','2022-04-12 21:03:35',NULL,NULL),(722,'PRADERA',24,'A','2022-04-12 21:03:35',NULL,NULL),(723,'PROVIDENCIA',28,'A','2022-04-12 21:03:35',NULL,NULL),(724,'PROVIDENCIA',17,'A','2022-04-12 21:03:35',NULL,NULL),(725,'PUERTO GAITAN',16,'A','2022-04-12 21:03:35',NULL,NULL),(726,'PUERTO ASIS',27,'A','2022-04-12 21:03:35',NULL,NULL),(727,'PUERTO CAICEDO',27,'A','2022-04-12 21:03:35',NULL,NULL),(728,'PUEBLO BELLO',9,'A','2022-04-12 21:03:35',NULL,NULL),(729,'PUEBLO NUEVO',10,'A','2022-04-12 21:03:35',NULL,NULL),(730,'PUEBLOVIEJO',15,'A','2022-04-12 21:03:35',NULL,NULL),(731,'PUERTO GUZMAN',27,'A','2022-04-12 21:03:35',NULL,NULL),(732,'PUERTO BOYACA',5,'A','2022-04-12 21:03:35',NULL,NULL),(733,'PUERTO SALGAR',11,'A','2022-04-12 21:03:35',NULL,NULL),(734,'PUEBLO RICO',20,'A','2022-04-12 21:03:35',NULL,NULL),(735,'PUENTE NACIONAL',21,'A','2022-04-12 21:03:35',NULL,NULL),(736,'PUERTO COLOMBIA',2,'A','2022-04-12 21:03:35',NULL,NULL),(737,'PUERTO TEJADA',8,'A','2022-04-12 21:03:35',NULL,NULL),(738,'PUERTO LOPEZ',16,'A','2022-04-12 21:03:35',NULL,NULL),(739,'PUERRES',17,'A','2022-04-12 21:03:35',NULL,NULL),(740,'PUERTO PARRA',21,'A','2022-04-12 21:03:35',NULL,NULL),(741,'LEGUIZAMO',27,'A','2022-04-12 21:03:35',NULL,NULL),(742,'PUERTO ESCONDIDO',10,'A','2022-04-12 21:03:35',NULL,NULL),(743,'PUERTO WILCHES',21,'A','2022-04-12 21:03:35',NULL,NULL),(744,'PUEBLORRICO',1,'A','2022-04-12 21:03:35',NULL,NULL),(745,'PUERTO LLERAS',16,'A','2022-04-12 21:03:35',NULL,NULL),(746,'PUERTO BERRIO',1,'A','2022-04-12 21:03:35',NULL,NULL),(747,'REGIDOR',4,'A','2022-04-12 21:03:35',NULL,NULL),(748,'QUIPAMA',5,'A','2022-04-12 21:03:35',NULL,NULL),(749,'PUERTO LIBERTADOR',10,'A','2022-04-12 21:03:35',NULL,NULL),(750,'PULI',11,'A','2022-04-12 21:03:35',NULL,NULL),(751,'RIO IRO',12,'A','2022-04-12 21:03:35',NULL,NULL),(752,'PUERTO NARE',1,'A','2022-04-12 21:03:35',NULL,NULL),(753,'PURACE',8,'A','2022-04-12 21:03:35',NULL,NULL),(754,'PUPIALES',17,'A','2022-04-12 21:03:35',NULL,NULL),(755,'PURIFICACION',23,'A','2022-04-12 21:03:35',NULL,NULL),(756,'PURISIMA',10,'A','2022-04-12 21:03:35',NULL,NULL),(757,'PUERTO RICO',16,'A','2022-04-12 21:03:35',NULL,NULL),(758,'PUERTO TRIUNFO',1,'A','2022-04-12 21:03:35',NULL,NULL),(759,'PUERTO RONDON',25,'A','2022-04-12 21:03:35',NULL,NULL),(760,'PUERTO RICO',7,'A','2022-04-12 21:03:35',NULL,NULL),(761,'QUEBRADANEGRA',11,'A','2022-04-12 21:03:35',NULL,NULL),(762,'QUETAME',11,'A','2022-04-12 21:03:35',NULL,NULL),(763,'QUIMBAYA',19,'A','2022-04-12 21:03:35',NULL,NULL),(764,'QUINCHIA',20,'A','2022-04-12 21:03:35',NULL,NULL),(765,'QUIPILE',11,'A','2022-04-12 21:03:35',NULL,NULL),(766,'RAMIRIQUI',5,'A','2022-04-12 21:03:35',NULL,NULL),(767,'APULO',11,'A','2022-04-12 21:03:35',NULL,NULL),(768,'RAGONVALIA',18,'A','2022-04-12 21:03:35',NULL,NULL),(769,'RIO VIEJO',4,'A','2022-04-12 21:03:35',NULL,NULL),(770,'RAQUIRA',5,'A','2022-04-12 21:03:35',NULL,NULL),(771,'RIO QUITO',12,'A','2022-04-12 21:03:35',NULL,NULL),(772,'REMEDIOS',1,'A','2022-04-12 21:03:35',NULL,NULL),(773,'REMOLINO',15,'A','2022-04-12 21:03:35',NULL,NULL),(774,'REPELON',2,'A','2022-04-12 21:03:35',NULL,NULL),(775,'RESTREPO',16,'A','2022-04-12 21:03:35',NULL,NULL),(776,'RESTREPO',24,'A','2022-04-12 21:03:35',NULL,NULL),(777,'RETIRO',1,'A','2022-04-12 21:03:35',NULL,NULL),(778,'SAN JOSE DEL FRAGUA',7,'A','2022-04-12 21:03:35',NULL,NULL),(779,'RICAURTE',11,'A','2022-04-12 21:03:35',NULL,NULL),(780,'RICAURTE',17,'A','2022-04-12 21:03:35',NULL,NULL),(781,'RIOSUCIO',6,'A','2022-04-12 21:03:35',NULL,NULL),(782,'RIO DE ORO',9,'A','2022-04-12 21:03:35',NULL,NULL),(783,'RIONEGRO',1,'A','2022-04-12 21:03:35',NULL,NULL),(784,'RIOSUCIO',12,'A','2022-04-12 21:03:35',NULL,NULL),(785,'RIVERA',13,'A','2022-04-12 21:03:35',NULL,NULL),(786,'RIONEGRO',21,'A','2022-04-12 21:03:35',NULL,NULL),(787,'RISARALDA',6,'A','2022-04-12 21:03:35',NULL,NULL),(788,'RIOBLANCO',23,'A','2022-04-12 21:03:35',NULL,NULL),(789,'RIOFRIO',24,'A','2022-04-12 21:03:35',NULL,NULL),(790,'SAN CRISTOBAL',4,'A','2022-04-12 21:03:35',NULL,NULL),(791,'RONDON',5,'A','2022-04-12 21:03:35',NULL,NULL),(792,'LA PAZ',9,'A','2022-04-12 21:03:35',NULL,NULL),(793,'ROBERTO PAYAN',17,'A','2022-04-12 21:03:35',NULL,NULL),(794,'ROSAS',8,'A','2022-04-12 21:03:35',NULL,NULL),(795,'RONCESVALLES',23,'A','2022-04-12 21:03:35',NULL,NULL),(796,'ROLDANILLO',24,'A','2022-04-12 21:03:35',NULL,NULL),(797,'ROVIRA',23,'A','2022-04-12 21:03:35',NULL,NULL),(798,'SANTA ROSALIA',33,'A','2022-04-12 21:03:35',NULL,NULL),(799,'SABANALARGA',1,'A','2022-04-12 21:03:35',NULL,NULL),(800,'SABANETA',1,'A','2022-04-12 21:03:35',NULL,NULL),(801,'SABOYA',5,'A','2022-04-12 21:03:35',NULL,NULL),(802,'SABANAGRANDE',2,'A','2022-04-12 21:03:35',NULL,NULL),(803,'SABANALARGA',2,'A','2022-04-12 21:03:35',NULL,NULL),(804,'SACHICA',5,'A','2022-04-12 21:03:35',NULL,NULL),(805,'SALGAR',1,'A','2022-04-12 21:03:35',NULL,NULL),(806,'SAN ANTONIO DEL TEQUENDAMA',11,'A','2022-04-12 21:03:35',NULL,NULL),(807,'SAMACA',5,'A','2022-04-12 21:03:35',NULL,NULL),(808,'SAN ANDRES',1,'A','2022-04-12 21:03:35',NULL,NULL),(809,'SAN ESTANISLAO',4,'A','2022-04-12 21:03:35',NULL,NULL),(810,'SAN CARLOS',1,'A','2022-04-12 21:03:35',NULL,NULL),(811,'SAN BERNARDO',11,'A','2022-04-12 21:03:35',NULL,NULL),(812,'SAN FERNANDO',4,'A','2022-04-12 21:03:35',NULL,NULL),(813,'SAN JUAN DEL CESAR',14,'A','2022-04-12 21:03:35',NULL,NULL),(814,'SAN FRANCISCO',1,'A','2022-04-12 21:03:35',NULL,NULL),(815,'SALAMINA',6,'A','2022-04-12 21:03:35',NULL,NULL),(816,'SAN CAYETANO',11,'A','2022-04-12 21:03:35',NULL,NULL),(817,'SAN JACINTO',4,'A','2022-04-12 21:03:35',NULL,NULL),(818,'SAN JACINTO DEL CAUCA',4,'A','2022-04-12 21:03:35',NULL,NULL),(819,'SABANA DE TORRES',21,'A','2022-04-12 21:03:35',NULL,NULL),(820,'SAN JERONIMO',1,'A','2022-04-12 21:03:35',NULL,NULL),(821,'SAN JUAN NEPOMUCENO',4,'A','2022-04-12 21:03:35',NULL,NULL),(822,'SAN JOSE DE LA MONTAÑA',1,'A','2022-04-12 21:03:35',NULL,NULL),(823,'SAN FRANCISCO',11,'A','2022-04-12 21:03:35',NULL,NULL),(824,'SAN JUAN DE URABA',1,'A','2022-04-12 21:03:35',NULL,NULL),(825,'SAN LUIS',1,'A','2022-04-12 21:03:35',NULL,NULL),(826,'SAN EDUARDO',5,'A','2022-04-12 21:03:35',NULL,NULL),(827,'SAHAGUN',10,'A','2022-04-12 21:03:35',NULL,NULL),(828,'SAN JOSE DEL PALMAR',12,'A','2022-04-12 21:03:35',NULL,NULL),(829,'SALADOBLANCO',13,'A','2022-04-12 21:03:35',NULL,NULL),(830,'SABANAS DE SAN ANGEL',15,'A','2022-04-12 21:03:35',NULL,NULL),(831,'SALAZAR',18,'A','2022-04-12 21:03:35',NULL,NULL),(832,'SAMANA',6,'A','2022-04-12 21:03:35',NULL,NULL),(833,'SAN JUAN DE RIO SECO',11,'A','2022-04-12 21:03:35',NULL,NULL),(834,'MAPIRIPANA',30,'A','2022-04-12 21:03:35',NULL,NULL),(835,'SAN PEDRO',1,'A','2022-04-12 21:03:35',NULL,NULL),(836,'SAN JOSE DE PARE',5,'A','2022-04-12 21:03:35',NULL,NULL),(837,'SAN PEDRO DE URABA',1,'A','2022-04-12 21:03:35',NULL,NULL),(838,'SAN JOSE',6,'A','2022-04-12 21:03:35',NULL,NULL),(839,'TARAIRA',32,'A','2022-04-12 21:03:35',NULL,NULL),(840,'SAN RAFAEL',1,'A','2022-04-12 21:03:35',NULL,NULL),(841,'SAN MARTIN DE LOBA',4,'A','2022-04-12 21:03:35',NULL,NULL),(842,'SAN LUIS DE GACENO',5,'A','2022-04-12 21:03:35',NULL,NULL),(843,'SAN AGUSTIN',13,'A','2022-04-12 21:03:35',NULL,NULL),(844,'SAN ANDRES',21,'A','2022-04-12 21:03:35',NULL,NULL),(845,'PUERTO SANTANDER',29,'A','2022-04-12 21:03:35',NULL,NULL),(846,'SAN ROQUE',1,'A','2022-04-12 21:03:35',NULL,NULL),(847,'SAN PABLO',4,'A','2022-04-12 21:03:35',NULL,NULL),(848,'SAN ANDRES SOTAVENTO',10,'A','2022-04-12 21:03:35',NULL,NULL),(849,'SAN CALIXTO',18,'A','2022-04-12 21:03:35',NULL,NULL),(850,'SAMPUES',22,'A','2022-04-12 21:03:35',NULL,NULL),(851,'SAN PEDRO',24,'A','2022-04-12 21:03:35',NULL,NULL),(852,'SALDAÑA',23,'A','2022-04-12 21:03:35',NULL,NULL),(853,'SAN ANTERO',10,'A','2022-04-12 21:03:35',NULL,NULL),(854,'SANTA CATALINA',4,'A','2022-04-12 21:03:35',NULL,NULL),(855,'SAN MATEO',5,'A','2022-04-12 21:03:35',NULL,NULL),(856,'SAN CAYETANO',18,'A','2022-04-12 21:03:35',NULL,NULL),(857,'SAN BENITO',21,'A','2022-04-12 21:03:35',NULL,NULL),(858,'SAN VICENTE',1,'A','2022-04-12 21:03:35',NULL,NULL),(859,'SANTA LUCIA',2,'A','2022-04-12 21:03:35',NULL,NULL),(860,'SAN BERNARDO DEL VIENTO',10,'A','2022-04-12 21:03:35',NULL,NULL),(861,'SALAMINA',15,'A','2022-04-12 21:03:35',NULL,NULL),(862,'SAN ANTONIO',23,'A','2022-04-12 21:03:35',NULL,NULL),(863,'SAN MIGUEL DE SEMA',5,'A','2022-04-12 21:03:35',NULL,NULL),(864,'SANTA MARIA',13,'A','2022-04-12 21:03:35',NULL,NULL),(865,'SAN CARLOS',10,'A','2022-04-12 21:03:35',NULL,NULL),(866,'SAMANIEGO',17,'A','2022-04-12 21:03:35',NULL,NULL),(867,'SAN BENITO ABAD',22,'A','2022-04-12 21:03:35',NULL,NULL),(868,'SAN LUIS',23,'A','2022-04-12 21:03:35',NULL,NULL),(869,'SANTA BARBARA',1,'A','2022-04-12 21:03:35',NULL,NULL),(870,'SAN GIL',21,'A','2022-04-12 21:03:35',NULL,NULL),(871,'SAN CARLOS DE GUAROA',16,'A','2022-04-12 21:03:35',NULL,NULL),(872,'SANTIAGO',18,'A','2022-04-12 21:03:35',NULL,NULL),(873,'SAN PABLO DE BORBUR',5,'A','2022-04-12 21:03:35',NULL,NULL),(874,'SANTA ROSA DE CABAL',20,'A','2022-04-12 21:03:35',NULL,NULL),(875,'SAN JOAQUIN',21,'A','2022-04-12 21:03:35',NULL,NULL),(876,'SANTA ROSA',4,'A','2022-04-12 21:03:35',NULL,NULL),(877,'SAN JUAN DE ARAMA',16,'A','2022-04-12 21:03:35',NULL,NULL),(878,'SANDONA',17,'A','2022-04-12 21:03:35',NULL,NULL),(879,'SAN JOSE DE MIRANDA',21,'A','2022-04-12 21:03:35',NULL,NULL),(880,'SANTO TOMAS',2,'A','2022-04-12 21:03:35',NULL,NULL),(881,'SAN BERNARDO',17,'A','2022-04-12 21:03:35',NULL,NULL),(882,'SANTA ROSA DE OSOS',1,'A','2022-04-12 21:03:35',NULL,NULL),(883,'SANTANA',5,'A','2022-04-12 21:03:35',NULL,NULL),(884,'SAN PELAYO',10,'A','2022-04-12 21:03:35',NULL,NULL),(885,'SAN JUANITO',16,'A','2022-04-12 21:03:35',NULL,NULL),(886,'SAN MIGUEL',21,'A','2022-04-12 21:03:35',NULL,NULL),(887,'SANTA ISABEL',23,'A','2022-04-12 21:03:35',NULL,NULL),(888,'SAN LORENZO',17,'A','2022-04-12 21:03:35',NULL,NULL),(889,'SANTUARIO',20,'A','2022-04-12 21:03:35',NULL,NULL),(890,'SANTA ROSA DEL SUR',4,'A','2022-04-12 21:03:35',NULL,NULL),(891,'SAN MARTIN',16,'A','2022-04-12 21:03:35',NULL,NULL),(892,'SAN VICENTE DE CHUCURI',21,'A','2022-04-12 21:03:35',NULL,NULL),(893,'SANTO DOMINGO',1,'A','2022-04-12 21:03:35',NULL,NULL),(894,'SANTA MARIA',5,'A','2022-04-12 21:03:35',NULL,NULL),(895,'SALENTO',19,'A','2022-04-12 21:03:35',NULL,NULL),(896,'SAN SEBASTIAN DE BUENAVISTA',15,'A','2022-04-12 21:03:35',NULL,NULL),(897,'SANTA ROSA DE VITERBO',5,'A','2022-04-12 21:03:35',NULL,NULL),(898,'SAN SEBASTIAN',8,'A','2022-04-12 21:03:35',NULL,NULL),(899,'SAN PABLO',17,'A','2022-04-12 21:03:35',NULL,NULL),(900,'SAN PEDRO DE CARTAGO',17,'A','2022-04-12 21:03:35',NULL,NULL),(901,'SANTA SOFIA',5,'A','2022-04-12 21:03:35',NULL,NULL),(902,'SANTA BARBARA',17,'A','2022-04-12 21:03:35',NULL,NULL),(903,'EL SANTUARIO',1,'A','2022-04-12 21:03:35',NULL,NULL),(904,'SANTANDER DE QUILICHAO',8,'A','2022-04-12 21:03:35',NULL,NULL),(905,'SANTACRUZ',17,'A','2022-04-12 21:03:35',NULL,NULL),(906,'SANTA ROSA',8,'A','2022-04-12 21:03:35',NULL,NULL),(907,'SAN JUAN DE BETULIA',22,'A','2022-04-12 21:03:35',NULL,NULL),(908,'SAN ZENON',15,'A','2022-04-12 21:03:35',NULL,NULL),(909,'SANTA BARBARA',21,'A','2022-04-12 21:03:35',NULL,NULL),(910,'SANTA ANA',15,'A','2022-04-12 21:03:35',NULL,NULL),(911,'SAN MARCOS',22,'A','2022-04-12 21:03:35',NULL,NULL),(912,'SAN ALBERTO',9,'A','2022-04-12 21:03:35',NULL,NULL),(913,'VISTAHERMOSA',16,'A','2022-04-12 21:03:35',NULL,NULL),(914,'SAN ONOFRE',22,'A','2022-04-12 21:03:35',NULL,NULL),(915,'SAN PEDRO',22,'A','2022-04-12 21:03:35',NULL,NULL),(916,'SASAIMA',11,'A','2022-04-12 21:03:35',NULL,NULL),(917,'SATIVANORTE',5,'A','2022-04-12 21:03:35',NULL,NULL),(918,'SANTA BARBARA DE PINTO',15,'A','2022-04-12 21:03:35',NULL,NULL),(919,'SAPUYES',17,'A','2022-04-12 21:03:35',NULL,NULL),(920,'SARDINATA',18,'A','2022-04-12 21:03:35',NULL,NULL),(921,'SANTA HELENA DEL OPON',21,'A','2022-04-12 21:03:35',NULL,NULL),(922,'SATIVASUR',5,'A','2022-04-12 21:03:35',NULL,NULL),(923,'SEGOVIA',1,'A','2022-04-12 21:03:35',NULL,NULL),(924,'SESQUILE',11,'A','2022-04-12 21:03:35',NULL,NULL),(925,'SEVILLA',24,'A','2022-04-12 21:03:35',NULL,NULL),(926,'SARAVENA',25,'A','2022-04-12 21:03:35',NULL,NULL),(927,'SIACHOQUE',5,'A','2022-04-12 21:03:35',NULL,NULL),(928,'SIBATE',11,'A','2022-04-12 21:03:35',NULL,NULL),(929,'SINCE',22,'A','2022-04-12 21:03:35',NULL,NULL),(930,'SILVIA',8,'A','2022-04-12 21:03:35',NULL,NULL),(931,'SILVANIA',11,'A','2022-04-12 21:03:35',NULL,NULL),(932,'SILOS',18,'A','2022-04-12 21:03:35',NULL,NULL),(933,'SIMITI',4,'A','2022-04-12 21:03:35',NULL,NULL),(934,'SIMIJACA',11,'A','2022-04-12 21:03:35',NULL,NULL),(935,'SIPI',12,'A','2022-04-12 21:03:35',NULL,NULL),(936,'SITIONUEVO',15,'A','2022-04-12 21:03:35',NULL,NULL),(937,'SIMACOTA',21,'A','2022-04-12 21:03:35',NULL,NULL),(938,'SIBUNDOY',27,'A','2022-04-12 21:03:35',NULL,NULL),(939,'SAN DIEGO',9,'A','2022-04-12 21:03:35',NULL,NULL),(940,'SOATA',5,'A','2022-04-12 21:03:35',NULL,NULL),(941,'SAN VICENTE DEL CAGUAN',7,'A','2022-04-12 21:03:35',NULL,NULL),(942,'SOACHA',11,'A','2022-04-12 21:03:35',NULL,NULL),(943,'SOCOTA',5,'A','2022-04-12 21:03:35',NULL,NULL),(944,'SOCORRO',21,'A','2022-04-12 21:03:35',NULL,NULL),(945,'SAN FRANCISCO',27,'A','2022-04-12 21:03:35',NULL,NULL),(946,'SONSON',1,'A','2022-04-12 21:03:35',NULL,NULL),(947,'SOLANO',7,'A','2022-04-12 21:03:35',NULL,NULL),(948,'SOCHA',5,'A','2022-04-12 21:03:35',NULL,NULL),(949,'SAN MIGUEL',27,'A','2022-04-12 21:03:35',NULL,NULL),(950,'SOLEDAD',2,'A','2022-04-12 21:03:35',NULL,NULL),(951,'SOPO',11,'A','2022-04-12 21:03:35',NULL,NULL),(952,'SOGAMOSO',5,'A','2022-04-12 21:03:35',NULL,NULL),(953,'SOPLAVIENTO',4,'A','2022-04-12 21:03:35',NULL,NULL),(954,'SOTARA',8,'A','2022-04-12 21:03:35',NULL,NULL),(955,'SANTIAGO',27,'A','2022-04-12 21:03:35',NULL,NULL),(956,'SOPETRAN',1,'A','2022-04-12 21:03:35',NULL,NULL),(957,'SOMONDOCO',5,'A','2022-04-12 21:03:35',NULL,NULL),(958,'SORA',5,'A','2022-04-12 21:03:35',NULL,NULL),(959,'SOTAQUIRA',5,'A','2022-04-12 21:03:35',NULL,NULL),(960,'SORACA',5,'A','2022-04-12 21:03:35',NULL,NULL),(961,'SUBACHOQUE',11,'A','2022-04-12 21:03:35',NULL,NULL),(962,'SUAN',2,'A','2022-04-12 21:03:35',NULL,NULL),(963,'SAN MARTIN',9,'A','2022-04-12 21:03:35',NULL,NULL),(964,'SUAZA',13,'A','2022-04-12 21:03:35',NULL,NULL),(965,'SUAITA',21,'A','2022-04-12 21:03:35',NULL,NULL),(966,'SUAREZ',23,'A','2022-04-12 21:03:35',NULL,NULL),(967,'SUCRE',22,'A','2022-04-12 21:03:35',NULL,NULL),(968,'SUESCA',11,'A','2022-04-12 21:03:35',NULL,NULL),(969,'SUCRE',21,'A','2022-04-12 21:03:35',NULL,NULL),(970,'CUMARIBO',33,'A','2022-04-12 21:03:35',NULL,NULL),(971,'SUSACON',5,'A','2022-04-12 21:03:35',NULL,NULL),(972,'SUTAMARCHAN',5,'A','2022-04-12 21:03:35',NULL,NULL),(973,'SUPIA',6,'A','2022-04-12 21:03:35',NULL,NULL),(974,'SUPATA',11,'A','2022-04-12 21:03:35',NULL,NULL),(975,'PAPUNAUA',32,'A','2022-04-12 21:03:35',NULL,NULL),(976,'SUTATENZA',5,'A','2022-04-12 21:03:35',NULL,NULL),(977,'SUSA',11,'A','2022-04-12 21:03:35',NULL,NULL),(978,'TALAIGUA NUEVO',4,'A','2022-04-12 21:03:35',NULL,NULL),(979,'SUAREZ',8,'A','2022-04-12 21:03:35',NULL,NULL),(980,'SURATA',21,'A','2022-04-12 21:03:35',NULL,NULL),(981,'SUTATAUSA',11,'A','2022-04-12 21:03:35',NULL,NULL),(982,'SOLITA',7,'A','2022-04-12 21:03:35',NULL,NULL),(983,'SUCRE',8,'A','2022-04-12 21:03:35',NULL,NULL),(984,'TABIO',11,'A','2022-04-12 21:03:35',NULL,NULL),(985,'TAMINANGO',17,'A','2022-04-12 21:03:35',NULL,NULL),(986,'TAMALAMEQUE',9,'A','2022-04-12 21:03:35',NULL,NULL),(987,'TADO',12,'A','2022-04-12 21:03:35',NULL,NULL),(988,'TANGUA',17,'A','2022-04-12 21:03:35',NULL,NULL),(989,'TAMESIS',1,'A','2022-04-12 21:03:35',NULL,NULL),(990,'TARAZA',1,'A','2022-04-12 21:03:35',NULL,NULL),(991,'TASCO',5,'A','2022-04-12 21:03:35',NULL,NULL),(992,'TARQUI',13,'A','2022-04-12 21:03:35',NULL,NULL),(993,'TARSO',1,'A','2022-04-12 21:03:35',NULL,NULL),(994,'TAUSA',11,'A','2022-04-12 21:03:35',NULL,NULL),(995,'TAME',25,'A','2022-04-12 21:03:35',NULL,NULL),(996,'TENA',11,'A','2022-04-12 21:03:35',NULL,NULL),(997,'TESALIA',13,'A','2022-04-12 21:03:35',NULL,NULL),(998,'TENZA',5,'A','2022-04-12 21:03:35',NULL,NULL),(999,'TENERIFE',15,'A','2022-04-12 21:03:35',NULL,NULL),(1000,'TARAPACA',29,'A','2022-04-12 21:03:35',NULL,NULL),(1001,'TENJO',11,'A','2022-04-12 21:03:35',NULL,NULL),(1002,'TELLO',13,'A','2022-04-12 21:03:35',NULL,NULL),(1003,'UNGUIA',12,'A','2022-04-12 21:03:35',NULL,NULL),(1004,'TEORAMA',18,'A','2022-04-12 21:03:35',NULL,NULL),(1005,'TERUEL',13,'A','2022-04-12 21:03:35',NULL,NULL),(1006,'TIBANA',5,'A','2022-04-12 21:03:35',NULL,NULL),(1007,'TIBACUY',11,'A','2022-04-12 21:03:35',NULL,NULL),(1008,'TIBASOSA',5,'A','2022-04-12 21:03:35',NULL,NULL),(1009,'TIMBIO',8,'A','2022-04-12 21:03:35',NULL,NULL),(1010,'TIERRALTA',10,'A','2022-04-12 21:03:35',NULL,NULL),(1011,'TIBIRITA',11,'A','2022-04-12 21:03:35',NULL,NULL),(1012,'TIMANA',13,'A','2022-04-12 21:03:35',NULL,NULL),(1013,'TINJACA',5,'A','2022-04-12 21:03:35',NULL,NULL),(1014,'TITIRIBI',1,'A','2022-04-12 21:03:35',NULL,NULL),(1015,'TIMBIQUI',8,'A','2022-04-12 21:03:35',NULL,NULL),(1016,'TIQUISIO',4,'A','2022-04-12 21:03:35',NULL,NULL),(1017,'TIPACOQUE',5,'A','2022-04-12 21:03:35',NULL,NULL),(1018,'UNION PANAMERICANA',12,'A','2022-04-12 21:03:35',NULL,NULL),(1019,'TIBU',18,'A','2022-04-12 21:03:35',NULL,NULL),(1020,'TOCA',5,'A','2022-04-12 21:03:35',NULL,NULL),(1021,'TOCAIMA',11,'A','2022-04-12 21:03:35',NULL,NULL),(1022,'TOGUI',5,'A','2022-04-12 21:03:35',NULL,NULL),(1023,'TOCANCIPA',11,'A','2022-04-12 21:03:35',NULL,NULL),(1024,'TOLEDO',1,'A','2022-04-12 21:03:35',NULL,NULL),(1025,'TOPAGA',5,'A','2022-04-12 21:03:35',NULL,NULL),(1026,'TOLEDO',18,'A','2022-04-12 21:03:35',NULL,NULL),(1027,'TONA',21,'A','2022-04-12 21:03:35',NULL,NULL),(1028,'SANTIAGO DE TOLU',22,'A','2022-04-12 21:03:35',NULL,NULL),(1029,'TORIBIO',8,'A','2022-04-12 21:03:35',NULL,NULL),(1030,'TOTA',5,'A','2022-04-12 21:03:35',NULL,NULL),(1031,'TOPAIPI',11,'A','2022-04-12 21:03:35',NULL,NULL),(1032,'TOLU VIEJO',22,'A','2022-04-12 21:03:35',NULL,NULL),(1033,'TORO',24,'A','2022-04-12 21:03:35',NULL,NULL),(1034,'TOTORO',8,'A','2022-04-12 21:03:35',NULL,NULL),(1035,'TRUJILLO',24,'A','2022-04-12 21:03:35',NULL,NULL),(1036,'TUBARA',2,'A','2022-04-12 21:03:35',NULL,NULL),(1037,'TUNUNGUA',5,'A','2022-04-12 21:03:35',NULL,NULL),(1038,'TULUA',24,'A','2022-04-12 21:03:35',NULL,NULL),(1039,'TURMEQUE',5,'A','2022-04-12 21:03:35',NULL,NULL),(1040,'TUMACO',17,'A','2022-04-12 21:03:35',NULL,NULL),(1041,'TURBACO',4,'A','2022-04-12 21:03:35',NULL,NULL),(1042,'TURBO',1,'A','2022-04-12 21:03:35',NULL,NULL),(1043,'TUTA',5,'A','2022-04-12 21:03:35',NULL,NULL),(1044,'TURBANA',4,'A','2022-04-12 21:03:35',NULL,NULL),(1045,'TUQUERRES',17,'A','2022-04-12 21:03:35',NULL,NULL),(1046,'TUTAZA',5,'A','2022-04-12 21:03:35',NULL,NULL),(1047,'UBALA',11,'A','2022-04-12 21:03:35',NULL,NULL),(1048,'UBAQUE',11,'A','2022-04-12 21:03:35',NULL,NULL),(1049,'URAMITA',1,'A','2022-04-12 21:03:35',NULL,NULL),(1050,'UMBITA',5,'A','2022-04-12 21:03:35',NULL,NULL),(1051,'VILLA DE SAN DIEGO DE UBATE',11,'A','2022-04-12 21:03:35',NULL,NULL),(1052,'VILLA RICA',8,'A','2022-04-12 21:03:35',NULL,NULL),(1053,'UNE',11,'A','2022-04-12 21:03:35',NULL,NULL),(1054,'ULLOA',24,'A','2022-04-12 21:03:35',NULL,NULL),(1055,'URRAO',1,'A','2022-04-12 21:03:35',NULL,NULL),(1056,'URIBIA',14,'A','2022-04-12 21:03:35',NULL,NULL),(1057,'USIACURI',2,'A','2022-04-12 21:03:35',NULL,NULL),(1058,'UTICA',11,'A','2022-04-12 21:03:35',NULL,NULL),(1059,'VALDIVIA',1,'A','2022-04-12 21:03:35',NULL,NULL),(1060,'VALLE DE SAN JUAN',23,'A','2022-04-12 21:03:35',NULL,NULL),(1061,'VALENCIA',10,'A','2022-04-12 21:03:35',NULL,NULL),(1062,'URUMITA',14,'A','2022-04-12 21:03:35',NULL,NULL),(1063,'VALLE DE SAN JOSE',21,'A','2022-04-12 21:03:35',NULL,NULL),(1064,'VALPARAISO',1,'A','2022-04-12 21:03:35',NULL,NULL),(1065,'VEGACHI',1,'A','2022-04-12 21:03:35',NULL,NULL),(1066,'VALPARAISO',7,'A','2022-04-12 21:03:35',NULL,NULL),(1067,'VENECIA',1,'A','2022-04-12 21:03:35',NULL,NULL),(1068,'VENTAQUEMADA',5,'A','2022-04-12 21:03:35',NULL,NULL),(1069,'VELEZ',21,'A','2022-04-12 21:03:35',NULL,NULL),(1070,'VENADILLO',23,'A','2022-04-12 21:03:35',NULL,NULL),(1071,'VERGARA',11,'A','2022-04-12 21:03:35',NULL,NULL),(1072,'VERSALLES',24,'A','2022-04-12 21:03:35',NULL,NULL),(1073,'VALLE DEL GUAMUEZ',27,'A','2022-04-12 21:03:35',NULL,NULL),(1074,'VICTORIA',6,'A','2022-04-12 21:03:35',NULL,NULL),(1075,'VIANI',11,'A','2022-04-12 21:03:35',NULL,NULL),(1076,'VETAS',21,'A','2022-04-12 21:03:35',NULL,NULL),(1077,'VIJES',24,'A','2022-04-12 21:03:35',NULL,NULL),(1078,'VILLAHERMOSA',23,'A','2022-04-12 21:03:35',NULL,NULL),(1079,'VILLAGOMEZ',11,'A','2022-04-12 21:03:35',NULL,NULL),(1080,'VILLA CARO',18,'A','2022-04-12 21:03:35',NULL,NULL),(1081,'VILLAVIEJA',13,'A','2022-04-12 21:03:35',NULL,NULL),(1082,'VILLANUEVA',21,'A','2022-04-12 21:03:35',NULL,NULL),(1083,'VIGIA DEL FUERTE',1,'A','2022-04-12 21:03:35',NULL,NULL),(1084,'VILLANUEVA',4,'A','2022-04-12 21:03:35',NULL,NULL),(1085,'VILLAMARIA',6,'A','2022-04-12 21:03:35',NULL,NULL),(1086,'VILLAPINZON',11,'A','2022-04-12 21:03:35',NULL,NULL),(1087,'VILLARRICA',23,'A','2022-04-12 21:03:35',NULL,NULL),(1088,'VILLANUEVA',14,'A','2022-04-12 21:03:35',NULL,NULL),(1089,'VILLA DEL ROSARIO',18,'A','2022-04-12 21:03:35',NULL,NULL),(1090,'VILLETA',11,'A','2022-04-12 21:03:35',NULL,NULL),(1091,'VITERBO',6,'A','2022-04-12 21:03:35',NULL,NULL),(1092,'VIOTA',11,'A','2022-04-12 21:03:35',NULL,NULL),(1093,'VIRACACHA',5,'A','2022-04-12 21:03:35',NULL,NULL),(1094,'SAN FELIPE',30,'A','2022-04-12 21:03:35',NULL,NULL),(1095,'PUERTO COLOMBIA',30,'A','2022-04-12 21:03:35',NULL,NULL),(1096,'YALI',1,'A','2022-04-12 21:03:35',NULL,NULL),(1097,'YACOPI',11,'A','2022-04-12 21:03:35',NULL,NULL),(1098,'YAGUARA',13,'A','2022-04-12 21:03:35',NULL,NULL),(1099,'YACUANQUER',17,'A','2022-04-12 21:03:35',NULL,NULL),(1100,'VILLAGARZON',27,'A','2022-04-12 21:03:35',NULL,NULL),(1101,'LA GUADALUPE',30,'A','2022-04-12 21:03:35',NULL,NULL),(1102,'CACAHUAL',30,'A','2022-04-12 21:03:35',NULL,NULL),(1103,'YARUMAL',1,'A','2022-04-12 21:03:35',NULL,NULL),(1104,'PANA PANA',30,'A','2022-04-12 21:03:35',NULL,NULL),(1105,'MORICHAL',30,'A','2022-04-12 21:03:35',NULL,NULL),(1106,'YAVARATE',32,'A','2022-04-12 21:03:35',NULL,NULL),(1107,'YOLOMBO',1,'A','2022-04-12 21:03:35',NULL,NULL),(1108,'YOTOCO',24,'A','2022-04-12 21:03:35',NULL,NULL),(1109,'YUMBO',24,'A','2022-04-12 21:03:35',NULL,NULL),(1110,'YONDO',1,'A','2022-04-12 21:03:35',NULL,NULL),(1111,'ZAMBRANO',4,'A','2022-04-12 21:03:35',NULL,NULL),(1112,'ZARAGOZA',1,'A','2022-04-12 21:03:35',NULL,NULL),(1113,'ZAPATOCA',21,'A','2022-04-12 21:03:35',NULL,NULL),(1114,'ZARZAL',24,'A','2022-04-12 21:03:35',NULL,NULL),(1115,'ZETAQUIRA',5,'A','2022-04-12 21:03:35',NULL,NULL),(1116,'ZIPACON',11,'A','2022-04-12 21:03:35',NULL,NULL),(1117,'ZIPAQUIRA',11,'A','2022-04-12 21:03:35',NULL,NULL),(1118,'ZAPAYAN',15,'A','2022-04-12 21:03:35',NULL,NULL),(1119,'ZONA BANANERA',15,'A','2022-04-12 21:03:35',NULL,NULL);
/*!40000 ALTER TABLE `cities` ENABLE KEYS */;
UNLOCK TABLES;

--
-- Table structure for table `clients`
--

DROP TABLE IF EXISTS `clients`;
/*!40101 SET @saved_cs_client     = @@character_set_client */;
/*!50503 SET character_set_client = utf8mb4 */;
CREATE TABLE `clients` (
  `id` int(12) unsigned NOT NULL AUTO_INCREMENT,
  `id_person` int(12) unsigned NOT NULL,
  `client_estado` enum('A','I') COLLATE latin1_spanish_ci DEFAULT 'A',
  `created_at` timestamp NULL DEFAULT NULL,
  `updated_at` timestamp NULL DEFAULT NULL,
  `deleted_at` timestamp NULL DEFAULT NULL,
  PRIMARY KEY (`id`) USING BTREE,
  KEY `fk_clients_persons1_idx` (`id_person`) USING BTREE,
  CONSTRAINT `fk_clients_persons1` FOREIGN KEY (`id_person`) REFERENCES `persons` (`id`) ON DELETE NO ACTION ON UPDATE NO ACTION
) ENGINE=InnoDB AUTO_INCREMENT=12 DEFAULT CHARSET=latin1 COLLATE=latin1_spanish_ci ROW_FORMAT=DYNAMIC COMMENT='Clientes';
/*!40101 SET character_set_client = @saved_cs_client */;

--
-- Dumping data for table `clients`
--

LOCK TABLES `clients` WRITE;
/*!40000 ALTER TABLE `clients` DISABLE KEYS */;
INSERT INTO `clients` VALUES (1,1,'A','2022-04-16 02:08:37','2022-04-17 06:50:58',NULL),(2,2,'A','2022-04-16 02:24:44','2022-04-23 05:48:58',NULL),(3,3,'A','2022-04-23 05:52:45','2022-04-23 05:55:36',NULL),(4,13,'A','2022-04-23 06:46:58','2022-04-23 06:46:58',NULL),(5,14,'I','2022-04-23 06:59:38','2022-04-27 13:56:54',NULL),(6,42,'A','2022-06-08 04:53:58','2022-06-08 04:53:58',NULL),(7,43,'A','2022-06-08 07:36:43','2022-06-08 07:36:43',NULL),(8,45,'A','2022-06-09 00:29:36','2022-06-09 00:29:36',NULL),(9,48,'A','2022-06-09 01:06:51','2022-06-09 01:06:51',NULL),(10,49,'A','2022-06-09 01:07:42','2022-06-09 01:07:42',NULL),(11,51,'A','2022-08-24 00:38:46','2022-08-24 00:38:46',NULL);
/*!40000 ALTER TABLE `clients` ENABLE KEYS */;
UNLOCK TABLES;

--
-- Table structure for table `commodities`
--

DROP TABLE IF EXISTS `commodities`;
/*!40101 SET @saved_cs_client     = @@character_set_client */;
/*!50503 SET character_set_client = utf8mb4 */;
CREATE TABLE `commodities` (
  `id` int(12) unsigned NOT NULL AUTO_INCREMENT,
  `matp_descripcion` varchar(200) COLLATE latin1_spanish_ci NOT NULL,
  `matp_estado` enum('A','I') COLLATE latin1_spanish_ci NOT NULL DEFAULT 'A',
  `id_user` int(12) unsigned NOT NULL,
  `created_at` timestamp NULL DEFAULT NULL,
  `updated_at` timestamp NULL DEFAULT NULL,
  `deleted_at` timestamp NULL DEFAULT NULL,
  PRIMARY KEY (`id`) USING BTREE,
  KEY `id_user` (`id_user`) USING BTREE,
  CONSTRAINT `commodities_ibfk_1` FOREIGN KEY (`id_user`) REFERENCES `users` (`id`)
) ENGINE=InnoDB AUTO_INCREMENT=8 DEFAULT CHARSET=latin1 COLLATE=latin1_spanish_ci ROW_FORMAT=DYNAMIC COMMENT='Materias Primas';
/*!40101 SET character_set_client = @saved_cs_client */;

--
-- Dumping data for table `commodities`
--

LOCK TABLES `commodities` WRITE;
/*!40000 ALTER TABLE `commodities` DISABLE KEYS */;
INSERT INTO `commodities` VALUES (1,'CRUDO','A',1,'2021-11-15 11:54:08',NULL,NULL),(2,'PIEDRA ZARANDA','A',1,'2021-11-15 11:54:23','2022-04-28 02:43:27',NULL),(3,'MATERIAL EXTERNO','A',1,'2021-11-15 11:54:37','2022-04-28 02:43:13',NULL),(4,'Carbon','I',1,'2022-06-05 08:51:19','2022-06-05 08:51:19',NULL),(5,'BALATRO','I',1,'2022-06-05 09:23:50','2022-06-05 09:23:50',NULL),(6,'PLATA 01','I',1,'2022-06-08 08:26:13','2022-06-08 08:26:19',NULL),(7,'BALASTRO  02','I',1,'2022-06-09 01:45:32','2022-07-23 20:16:31',NULL);
/*!40000 ALTER TABLE `commodities` ENABLE KEYS */;
UNLOCK TABLES;

--
-- Table structure for table `conceptspayments`
--

DROP TABLE IF EXISTS `conceptspayments`;
/*!40101 SET @saved_cs_client     = @@character_set_client */;
/*!50503 SET character_set_client = utf8mb4 */;
CREATE TABLE `conceptspayments` (
  `id` int(12) unsigned NOT NULL AUTO_INCREMENT,
  `cncp_nombre` varchar(50) COLLATE latin1_spanish_ci NOT NULL,
  `cncp_estado` enum('A','I') COLLATE latin1_spanish_ci NOT NULL DEFAULT 'A',
  `created_at` timestamp NULL DEFAULT NULL,
  `updated_at` timestamp NULL DEFAULT NULL,
  `deleted_at` timestamp NULL DEFAULT NULL,
  PRIMARY KEY (`id`) USING BTREE
) ENGINE=InnoDB AUTO_INCREMENT=3 DEFAULT CHARSET=latin1 COLLATE=latin1_spanish_ci ROW_FORMAT=DYNAMIC;
/*!40101 SET character_set_client = @saved_cs_client */;

--
-- Dumping data for table `conceptspayments`
--

LOCK TABLES `conceptspayments` WRITE;
/*!40000 ALTER TABLE `conceptspayments` DISABLE KEYS */;
INSERT INTO `conceptspayments` VALUES (1,'vIATICOS','A','2022-08-12 06:33:34','2022-08-12 06:33:34',NULL),(2,'GATOS INPREVISTOS','A','2022-08-12 06:33:43','2022-08-12 06:33:43',NULL);
/*!40000 ALTER TABLE `conceptspayments` ENABLE KEYS */;
UNLOCK TABLES;

--
-- Table structure for table `constructions`
--

DROP TABLE IF EXISTS `constructions`;
/*!40101 SET @saved_cs_client     = @@character_set_client */;
/*!50503 SET character_set_client = utf8mb4 */;
CREATE TABLE `constructions` (
  `id` int(12) unsigned NOT NULL AUTO_INCREMENT,
  `obra_idcliente` int(12) unsigned NOT NULL,
  `obra_nombre` varchar(100) COLLATE latin1_spanish_ci NOT NULL,
  `obra_direccion` varchar(50) COLLATE latin1_spanish_ci NOT NULL,
  `obra_porcsuministro` int(5) unsigned NOT NULL,
  `obra_porctransporte` int(5) unsigned NOT NULL,
  `obra_obs` text COLLATE latin1_spanish_ci,
  `obra_estado` enum('A','I') COLLATE latin1_spanish_ci NOT NULL DEFAULT 'A',
  `id_user` int(12) unsigned NOT NULL,
  `created_at` timestamp NULL DEFAULT NULL,
  `updated_at` timestamp NULL DEFAULT NULL,
  `deleted_at` timestamp NULL DEFAULT NULL,
  PRIMARY KEY (`id`) USING BTREE,
  KEY `id_user` (`id_user`) USING BTREE,
  KEY `fk_constructions_clients1_idx` (`obra_idcliente`) USING BTREE,
  CONSTRAINT `constructions_ibfk_1` FOREIGN KEY (`id_user`) REFERENCES `users` (`id`),
  CONSTRAINT `fk_constructions_clients1` FOREIGN KEY (`obra_idcliente`) REFERENCES `clients` (`id`) ON DELETE NO ACTION ON UPDATE NO ACTION
) ENGINE=InnoDB AUTO_INCREMENT=15 DEFAULT CHARSET=latin1 COLLATE=latin1_spanish_ci ROW_FORMAT=DYNAMIC COMMENT='Obras';
/*!40101 SET character_set_client = @saved_cs_client */;

--
-- Dumping data for table `constructions`
--

LOCK TABLES `constructions` WRITE;
/*!40000 ALTER TABLE `constructions` DISABLE KEYS */;
INSERT INTO `constructions` VALUES (1,1,'OBRA PRINCIPAL','CRA 21 CALLE 30',10,90,'PRUEBA','I',1,NULL,'2022-09-03 01:46:10',NULL),(2,2,'Edificio 42','Calle 3 12-54',20,80,NULL,'A',1,NULL,NULL,NULL),(3,1,'OBRA 03','Avenida 45 36 98',30,70,'test','A',1,'2022-04-23 07:42:13','2022-04-23 07:42:13',NULL),(4,1,'OBRA 04','Avenida 45 36 98',60,40,'test 1','I',1,'2022-04-23 07:42:57','2022-04-23 09:03:54',NULL),(5,2,'Prueba 1993','Calle 15 - 54',51,49,'TEST','A',1,'2022-05-12 06:33:22','2022-05-12 06:33:22',NULL),(6,4,'JM S.A','CALLE 5 13 -28',40,60,'TEST','A',1,'2022-05-12 07:53:39','2022-05-12 07:53:39',NULL),(7,6,'MODIFICACIóN A LA SALA DEL EMERGENCIA DEL HOSPITAL SAN ROQUE','CALLE 10 10-54',20,80,NULL,'A',1,'2022-06-09 03:48:43','2022-06-09 03:53:46',NULL),(8,1,'ESCUELA FRANCISCO ANTONIO','CORREGIMIENTO LOMITAS PRADERA VALLE',10,90,'','A',2,'2022-07-23 00:31:02','2022-07-23 00:31:02',NULL),(9,11,'LA CUCHILLA TUB ARA REMODELACION','CALLE 1 1-50',70,30,'REMODELACION ESTADERO','I',1,'2022-08-24 00:40:12','2022-08-30 01:44:09',NULL),(10,11,'OBRA EN SINFIN','CRA 22',80,20,'ESTA LA CREO PARA ANULARLA','I',1,'2022-08-24 00:40:50','2022-08-30 01:44:02',NULL),(11,1,'LA CUCHILLA TUB ARA REMODELACION','CALLE 1 -1-50',70,30,'ESTADERO','I',1,'2022-09-03 16:01:11','2022-09-03 16:01:39',NULL),(12,1,'LA CUCHILLA TUB ARA REMODELACION','CALLE 1 1-50',80,20,'ESTADERO LCH','A',1,'2022-09-03 16:11:32','2022-09-03 16:11:32',NULL),(13,11,'ESTADERO SAN FELIPE','CALE 68',30,70,'OTRA OBRA','A',1,'2022-09-05 13:49:01','2022-09-12 17:41:18',NULL),(14,11,'LA NUEVA CUCHILLA','TUBARA A LA ENTRADA',80,20,'CALLE 1','A',1,'2022-09-05 13:49:59','2022-09-05 13:49:59',NULL);
/*!40000 ALTER TABLE `constructions` ENABLE KEYS */;
UNLOCK TABLES;

--
-- Table structure for table `countries`
--

DROP TABLE IF EXISTS `countries`;
/*!40101 SET @saved_cs_client     = @@character_set_client */;
/*!50503 SET character_set_client = utf8mb4 */;
CREATE TABLE `countries` (
  `id` int(12) unsigned NOT NULL AUTO_INCREMENT,
  `pais_codigo` char(3) COLLATE latin1_spanish_ci NOT NULL,
  `pais_nombre` varchar(50) COLLATE latin1_spanish_ci NOT NULL,
  `pais_estado` enum('A','I') COLLATE latin1_spanish_ci NOT NULL DEFAULT 'A',
  `created_at` timestamp NULL DEFAULT NULL,
  `updated_at` timestamp NULL DEFAULT NULL,
  `deleted_at` timestamp NULL DEFAULT NULL,
  PRIMARY KEY (`id`) USING BTREE,
  KEY `pais_codigo` (`pais_codigo`) USING BTREE
) ENGINE=InnoDB AUTO_INCREMENT=2 DEFAULT CHARSET=latin1 COLLATE=latin1_spanish_ci ROW_FORMAT=DYNAMIC;
/*!40101 SET character_set_client = @saved_cs_client */;

--
-- Dumping data for table `countries`
--

LOCK TABLES `countries` WRITE;
/*!40000 ALTER TABLE `countries` DISABLE KEYS */;
INSERT INTO `countries` VALUES (1,'COL','COLOMBIA','A',NULL,NULL,NULL);
/*!40000 ALTER TABLE `countries` ENABLE KEYS */;
UNLOCK TABLES;

--
-- Table structure for table `devices`
--

DROP TABLE IF EXISTS `devices`;
/*!40101 SET @saved_cs_client     = @@character_set_client */;
/*!50503 SET character_set_client = utf8mb4 */;
CREATE TABLE `devices` (
  `id` int(12) unsigned NOT NULL AUTO_INCREMENT,
  `disp_descripcion` varchar(200) COLLATE latin1_spanish_ci NOT NULL,
  `disp_estado` enum('A','I') COLLATE latin1_spanish_ci NOT NULL DEFAULT 'A',
  `id_user` int(12) unsigned NOT NULL,
  `created_at` timestamp NULL DEFAULT NULL,
  `updated_at` timestamp NULL DEFAULT NULL,
  `deleted_at` timestamp NULL DEFAULT NULL,
  PRIMARY KEY (`id`) USING BTREE,
  KEY `id_user` (`id_user`) USING BTREE,
  CONSTRAINT `devices_ibfk_1` FOREIGN KEY (`id_user`) REFERENCES `users` (`id`)
) ENGINE=InnoDB AUTO_INCREMENT=6 DEFAULT CHARSET=latin1 COLLATE=latin1_spanish_ci ROW_FORMAT=DYNAMIC COMMENT='Dispositivos';
/*!40101 SET character_set_client = @saved_cs_client */;

--
-- Dumping data for table `devices`
--

LOCK TABLES `devices` WRITE;
/*!40000 ALTER TABLE `devices` DISABLE KEYS */;
INSERT INTO `devices` VALUES (1,'PLANTA DE TRITURACION','A',1,'2021-11-15 11:48:19',NULL,NULL),(2,'ZARANDA','A',1,'2021-11-15 11:48:31',NULL,NULL),(3,'Celular','I',1,'2022-04-23 09:58:07','2022-04-28 02:45:36',NULL),(4,'HOROMETRO 01','I',1,'2022-06-08 08:26:39','2022-06-08 08:26:48',NULL),(5,'RELOJ ROLEX','I',1,'2022-06-09 01:50:13','2022-06-09 01:50:25',NULL);
/*!40000 ALTER TABLE `devices` ENABLE KEYS */;
UNLOCK TABLES;

--
-- Table structure for table `economicacts`
--

DROP TABLE IF EXISTS `economicacts`;
/*!40101 SET @saved_cs_client     = @@character_set_client */;
/*!50503 SET character_set_client = utf8mb4 */;
CREATE TABLE `economicacts` (
  `id` int(12) unsigned NOT NULL AUTO_INCREMENT,
  `acte_codigo` char(12) COLLATE latin1_spanish_ci NOT NULL DEFAULT '',
  `acte_nombre` text COLLATE latin1_spanish_ci NOT NULL,
  `acte_estado` enum('A','I') COLLATE latin1_spanish_ci NOT NULL DEFAULT 'A',
  `created_at` timestamp NULL DEFAULT NULL,
  `updated_at` timestamp NULL DEFAULT NULL,
  `deleted_at` timestamp NULL DEFAULT NULL,
  PRIMARY KEY (`id`) USING BTREE
) ENGINE=InnoDB AUTO_INCREMENT=552 DEFAULT CHARSET=latin1 COLLATE=latin1_spanish_ci ROW_FORMAT=DYNAMIC COMMENT='Tabla de actividades economicas Dian';
/*!40101 SET character_set_client = @saved_cs_client */;

--
-- Dumping data for table `economicacts`
--

LOCK TABLES `economicacts` WRITE;
/*!40000 ALTER TABLE `economicacts` DISABLE KEYS */;
INSERT INTO `economicacts` VALUES (1,'111','Cultivo de cereales (excepto arroz), legumbres y semillas oleaginosas','A',NULL,NULL,NULL),(2,'112','Cultivo de arroz','A',NULL,NULL,NULL),(3,'113','Cultivo de hortalizas, raices y tuberculos','A',NULL,NULL,NULL),(4,'114','Cultivo de tabaco','A',NULL,NULL,NULL),(5,'115','Cultivo de plantas textiles','A',NULL,NULL,NULL),(6,'119','Otros cultivos transitorios n.c.p.','A',NULL,NULL,NULL),(7,'121','Cultivo de frutas tropicales y subtropicales','A',NULL,NULL,NULL),(8,'122','Cultivo de platano y banano','A',NULL,NULL,NULL),(9,'123','Cultivo de cafe','A',NULL,NULL,NULL),(10,'124','Cultivo de cana de azucar','A',NULL,NULL,NULL),(11,'125','Cultivo de flor de corte','A',NULL,NULL,NULL),(12,'126','Cultivo de palma para aceite (palma africana) y otros frutos oleaginosos','A',NULL,NULL,NULL),(13,'127','Cultivo de plantas con las que se prepararan bebidas','A',NULL,NULL,NULL),(14,'128','Cultivo de especias y de plantas aromaticas y medicinales','A',NULL,NULL,NULL),(15,'129','Otros cultivos permanentes n.c.p.','A',NULL,NULL,NULL),(16,'130','Propagacion de plantas (actividades de los viveros, excepto viveros\nforestales)','A',NULL,'2022-02-28 06:32:13','2022-02-28 06:32:13'),(17,'141','Cria de ganado bovino y bufalino','A',NULL,NULL,NULL),(18,'142','Cria de caballos y otros equinos','A',NULL,NULL,NULL),(19,'143','Cria de ovejas y cabras','A',NULL,NULL,NULL),(20,'144','Cria de ganado porcino','A',NULL,NULL,NULL),(21,'145','Cria de aves de corral','A',NULL,NULL,NULL),(22,'149','Cria de otros animales n.c.p.','A',NULL,NULL,NULL),(23,'150','Explotacion primaria mixta (agricola y pecuaria)','A',NULL,NULL,NULL),(24,'163','Actividades posteriores a la cosecha','A',NULL,NULL,NULL),(25,'170','Caza ordinaria y mediante trampas y actividades de servicios conexas','A',NULL,NULL,NULL),(26,'210','Silvicultura y otras actividades forestales','A',NULL,NULL,NULL),(27,'220','Extraccion de madera','A',NULL,NULL,NULL),(28,'230','Recoleccion de productos forestales diferentes a la madera','A',NULL,NULL,NULL),(29,'311','Pesca maritima','A',NULL,NULL,NULL),(30,'312','Pesca de agua dulce','A',NULL,NULL,NULL),(31,'321','Acuicultura maritima','A',NULL,NULL,NULL),(32,'322','Acuicultura de agua dulce','A',NULL,NULL,NULL),(33,'6531','Regimen de prima media con prestacion definida (RPM)','A',NULL,NULL,NULL),(34,'8411','Actividades legislativas de la administracion publica','A',NULL,NULL,NULL),(35,'8412','Actividades ejecutivas de la administracion publica','A',NULL,NULL,NULL),(36,'8413','Regulacion de las actividades de organismos que prestan servicios de salud, educativos, culturales y otros servicios sociales, excepto servicios de seguridad social','A',NULL,NULL,NULL),(37,'8414','Actividades reguladoras y facilitadoras de la actividad economica','A',NULL,NULL,NULL),(38,'8415','Actividades de los organos de control y otras instituciones.','A',NULL,NULL,NULL),(39,'8421','Relaciones exteriores','A',NULL,NULL,NULL),(40,'8422','Actividades de defensa','A',NULL,NULL,NULL),(41,'8423','Orden publico y actividades de seguridad publica','A',NULL,NULL,NULL),(42,'8424','Administracion de justicia','A',NULL,NULL,NULL),(43,'8430','Actividades de planes de Seguridad Social de afiliacion obligatoria','A',NULL,NULL,NULL),(44,'9001','Creacion literaria','A',NULL,NULL,NULL),(45,'9002','Creacion musical','A',NULL,NULL,NULL),(46,'9003','Creacion teatral','A',NULL,NULL,NULL),(47,'9004','Creacion audiovisual','A',NULL,NULL,NULL),(48,'9005','Artes plasticas y visuales','A',NULL,NULL,NULL),(49,'9006','Actividades teatrales','A',NULL,NULL,NULL),(50,'9007','Actividades de espectaculos musicales en vivo','A',NULL,NULL,NULL),(51,'9008','Otras actividades de espectaculos en vivo n.c.p','A',NULL,NULL,NULL),(52,'9101','Actividades de Bibliotecas y archivos','A',NULL,NULL,NULL),(53,'9102','Actividades y funcionamiento de museos, conservacion de edificios y sitios historicos','A',NULL,NULL,NULL),(54,'9103','Actividades de jardines botanicos, zoologicos y reservas naturales','A',NULL,NULL,NULL),(55,'9311','Gestion de instalaciones deportivas','A',NULL,NULL,NULL),(56,'9312','Actividades de clubes deportivos','A',NULL,NULL,NULL),(57,'9319','Otras actividades deportivas','A',NULL,NULL,NULL),(58,'9412','Actividades de asociaciones profesionales y gremiales sin animo de lucro','A',NULL,NULL,NULL),(59,'9420','Actividades de sindicatos','A',NULL,NULL,NULL),(60,'9491','Actividades de asociaciones religiosas','A',NULL,NULL,NULL),(61,'9492','Actividades de partidos politicos','A',NULL,NULL,NULL),(62,'9700','Actividades de los hogares individuales como empleadores de personal domestico','A',NULL,NULL,NULL),(63,'9810','Actividades no diferenciadas de los hogares individuales como productores de bienes para uso propio','A',NULL,NULL,NULL),(64,'9820','Actividades no diferenciadas de los hogares individuales como productores de servicios para uso propio','A',NULL,NULL,NULL),(65,'9900','Actividades de organizaciones y entidades extraterritoriales signatarios de la Convencion de Viena','A',NULL,NULL,NULL),(66,'161','Actividades de apoyo a la agricultura','A',NULL,NULL,NULL),(67,'162','Actividades de apoyo a la ganaderia','A',NULL,NULL,NULL),(68,'164','Tratamiento de semillas para propagacion','A',NULL,NULL,NULL),(69,'240','Servicios de apoyo a la silvicultura','A',NULL,NULL,NULL),(70,'510','Extraccion de hulla (carbon de piedra)','A',NULL,NULL,NULL),(71,'520','Extraccion de carbon lignito','A',NULL,NULL,NULL),(72,'610','Extraccion de petroleo crudo','A',NULL,NULL,NULL),(73,'620','Extraccion de gas natural','A',NULL,NULL,NULL),(74,'710','Extraccion de minerales de hierro','A',NULL,NULL,NULL),(75,'721','Extraccion de minerales de uranio y de torio','A',NULL,NULL,NULL),(76,'722','Extraccion de oro y otros metales preciosos','A',NULL,NULL,NULL),(77,'723','Extraccion de minerales de niquel','A',NULL,NULL,NULL),(78,'729','Extraccion de otros minerales metaliferos no ferrosos n.c.p.','A',NULL,NULL,NULL),(79,'811','Extraccion de piedra, arena,\narcillas comunes, yeso y\nanhidrita','A',NULL,'2022-02-28 06:32:13','2022-02-28 06:32:13'),(80,'812','Extraccion de arcillas de uso industrial, caliza, caolin y bentonitas','A',NULL,NULL,NULL),(81,'820','Extraccion de esmeraldas, piedras preciosas y semipreciosas','A',NULL,NULL,NULL),(82,'891','Extraccion de minerales para la fabricacion de abonos y productos quimicos','A',NULL,NULL,NULL),(83,'892','Extraccion de halita (sal)','A',NULL,NULL,NULL),(84,'899','Extraccion de otros minerales no metalicos n.c.p.','A',NULL,NULL,NULL),(85,'910','Actividades de apoyo para la extraccion de petroleo y de gas natural','A',NULL,NULL,NULL),(86,'990','Actividades de apoyo para otras actividades de explotacion de minas y canteras','A',NULL,NULL,NULL),(87,'1011','Procesamiento y conservacion de carne y productos carnicos','A',NULL,NULL,NULL),(88,'1012','Procesamiento y conservacion de pescados, crustaceos y moluscos','A',NULL,NULL,NULL),(89,'1030','Elaboracion de aceites y grasas de origen vegetal y animal','A',NULL,NULL,NULL),(90,'1051','Elaboracion de productos de molineria','A',NULL,NULL,NULL),(91,'1052','Elaboracion de almidones y productos derivados del almidon','A',NULL,NULL,NULL),(92,'1061','Trilla de cafe','A',NULL,NULL,NULL),(93,'1062','Descafeinado, tostion y molienda del cafe','A',NULL,NULL,NULL),(94,'1063','Elaboracion de otros derivados del cafe','A',NULL,NULL,NULL),(95,'1071','Elaboracion y refinacion de azucar','A',NULL,NULL,NULL),(96,'1072','Elaboracion de panela','A',NULL,NULL,NULL),(97,'1081','Elaboracion de productos de panaderia','A',NULL,NULL,NULL),(98,'1082','Elaboracion de cacao, chocolate y productos de confiteria','A',NULL,NULL,NULL),(99,'1083','Elaboracion de macarrones, fideos, alcuzcuz y productos farinaceos similares','A',NULL,NULL,NULL),(100,'1084','Elaboracion de comidas y platos preparados','A',NULL,NULL,NULL),(101,'1089','Elaboracion de otros productos alimenticios n.c.p.','A',NULL,NULL,NULL),(102,'1090','Elaboracion de alimentos preparados para animales','A',NULL,NULL,NULL),(103,'1101','Destilacion, rectificacion y mezcla de bebidas alcoholicas','A',NULL,NULL,NULL),(104,'1102','Elaboracion de bebidas fermentadas no destiladas','A',NULL,NULL,NULL),(105,'1103','Produccion de malta, elaboracion de cervezas y otras bebidas malteadas','A',NULL,NULL,NULL),(106,'1104','Elaboracion de bebidas no alcoholicas, produccion de aguas minerales y de otras aguas embotelladas','A',NULL,NULL,NULL),(107,'1200','Elaboracion de productos de tabaco','A',NULL,NULL,NULL),(108,'1311','Preparacion e hilatura de fibras textiles','A',NULL,NULL,NULL),(109,'1312','Tejeduria de productos textiles','A',NULL,NULL,NULL),(110,'1313','Acabado de productos textiles','A',NULL,NULL,NULL),(111,'1391','Fabricacion de tejidos de punto y ganchillo','A',NULL,NULL,NULL),(112,'1392','Confeccion de articulos con materiales textiles, excepto prendas de vestir','A',NULL,NULL,NULL),(113,'1393','Fabricacion de tapetes y alfombras para pisos','A',NULL,NULL,NULL),(114,'1394','Fabricacion de cuerdas, cordeles, cables, bramantes y redes','A',NULL,NULL,NULL),(115,'1399','Fabricacion de otros articulos textiles n.c.p.','A',NULL,NULL,NULL),(116,'1410','Confeccion de prendas de vestir, excepto prendas de piel','A',NULL,NULL,NULL),(117,'1511','Curtido y recurtido de cueros; recurtido y tenido de pieles.','A',NULL,'2022-02-28 06:32:13','2022-02-28 06:32:13'),(118,'1512','Fabricacion de articulos de viaje, bolsos de mano y articulos similares elaborados en cuero, y fabricacion de articulos de talabarteria y guarnicioneria.','A',NULL,NULL,NULL),(119,'1513','Fabricacion de articulos de viaje, bolsos de mano y articulos similares; articulos de talabarteria y guarnicioneria elaborados en otros materiales','A',NULL,'2022-02-28 06:32:13','2022-02-28 06:32:13'),(120,'1521','Fabricacion de calzado de cuero y piel, con cualquier tipo de suela','A',NULL,NULL,NULL),(121,'1522','Fabricacion de otros tipos de calzado, excepto calzado de cuero y piel','A',NULL,NULL,NULL),(122,'1523','Fabricacion de partes del calzado','A',NULL,NULL,NULL),(123,'1610','Aserrado, acepillado e impregnacion de la madera','A',NULL,NULL,NULL),(124,'1620','Fabricacion de hojas de madera para enchapado; fabricacion de tableros contrachapados, tableros laminados, tableros de particulas y otros tableros y paneles','A',NULL,'2022-02-28 06:32:13','2022-02-28 06:32:13'),(125,'1630','Fabricacion de partes y piezas de madera, de carpinteria y ebanisteria para la construccion y para edificios','A',NULL,NULL,NULL),(126,'1640','Fabricacion de recipientes de madera','A',NULL,NULL,NULL),(127,'1690','Fabricacion de otros productos de madera; fabricacion de articulos de corcho, cesteria y esparteria','A',NULL,'2022-02-28 06:32:13','2022-02-28 06:32:13'),(128,'1701','Fabricacion de pulpas (pastas) celulosicas; papel y carton','A',NULL,'2022-02-28 06:32:13','2022-02-28 06:32:13'),(129,'1702','Fabricacion de papel y carton ondulado (corrugado); fabricacion de envases, empaques y de embalajes de papel y carton.','A',NULL,'2022-02-28 06:32:13','2022-02-28 06:32:13'),(130,'1709','Fabricacion de otros articulos de papel y carton','A',NULL,NULL,NULL),(131,'1811','Actividades de impresion','A',NULL,NULL,NULL),(132,'1812','Actividades de servicios relacionados con la impresion','A',NULL,NULL,NULL),(133,'1820','Produccion de copias a partir de grabaciones originales','A',NULL,NULL,NULL),(134,'1910','Fabricacion de productos de hornos de coque','A',NULL,NULL,NULL),(135,'1921','Fabricacion de productos de la refinacion del petroleo ','A',NULL,NULL,NULL),(136,'1922','Actividad de mezcla de combustibles','A',NULL,NULL,NULL),(137,'2011','Fabricacion de sustancias y productos quimicos basicos','A',NULL,NULL,NULL),(138,'2012','Fabricacion de abonos y compuestos inorganicos nitrogenados','A',NULL,NULL,NULL),(139,'2013','Fabricacion de plasticos en formas primarias','A',NULL,NULL,NULL),(140,'2014','Fabricacion de caucho sintetico en formas primarias','A',NULL,NULL,NULL),(141,'2021','Fabricacion de plaguicidas y otros productos quimicos de uso agropecuario','A',NULL,NULL,NULL),(142,'2022','Fabricacion de pinturas, barnices y revestimientos similares, tintas para impresion y masillas','A',NULL,NULL,NULL),(143,'2023','Fabricacion de jabones y detergentes, preparados para limpiar y pulir; perfumes y preparados de tocador','A',NULL,'2022-02-28 06:32:13','2022-02-28 06:32:13'),(144,'2029','Fabricacion de otros productos quimicos n.c.p.','A',NULL,NULL,NULL),(145,'2030','Fabricacion de fibras sinteticas y artificiales','A',NULL,NULL,NULL),(146,'2100','Fabricacion de productos farmaceuticos, sustancias quimicas medicinales y productos botanicos de uso farmaceutico','A',NULL,NULL,NULL),(147,'2211','Fabricacion de llantas y neumaticos de caucho','A',NULL,NULL,NULL),(148,'2212','Reencauche de llantas usadas','A',NULL,NULL,NULL),(149,'2219','Fabricacion de formas basicas de caucho y otros productos de caucho n.c.p.','A',NULL,NULL,NULL),(150,'2221','Fabricacion de formas basicas de plastico','A',NULL,NULL,NULL),(151,'2229','Fabricacion de articulos de plastico n.c.p.','A',NULL,NULL,NULL),(152,'2310','Fabricacion de vidrio y productos de vidrio','A',NULL,NULL,NULL),(153,'2391','Fabricacion de productos refractarios','A',NULL,NULL,NULL),(154,'2392','Fabricacion de materiales de arcilla para la construccion','A',NULL,NULL,NULL),(155,'2393','Fabricacion de otros productos de ceramica y porcelana','A',NULL,NULL,NULL),(156,'2394','Fabricacion de cemento, cal  y yeso','A',NULL,NULL,NULL),(157,'2395','Fabricacion de articulos de hormigon, cemento y yeso','A',NULL,NULL,NULL),(158,'2396','Corte, tallado y acabado de la piedra','A',NULL,NULL,NULL),(159,'2399','Fabricacion de otros productos minerales no metalicos n.c.p.','A',NULL,NULL,NULL),(160,'2410','Industrias basicas de hierro y de acero','A',NULL,NULL,NULL),(161,'2421','Industrias basicas de metales preciosos','A',NULL,NULL,NULL),(162,'2429','Industrias basicas de otros metales no ferrosos','A',NULL,NULL,NULL),(163,'2431','Fundicion de hierro y de acero','A',NULL,NULL,NULL),(164,'2432','Fundicion de metales no ferrosos','A',NULL,NULL,NULL),(165,'2511','Fabricacion de productos metalicos para uso estructural','A',NULL,NULL,NULL),(166,'2512','Fabricacion de tanques, depositos y recipientes de metal, excepto los utilizados para el envase o transporte de mercancias','A',NULL,NULL,NULL),(167,'2513','Fabricacion de generadores de vapor, excepto calderas de agua caliente para calefaccion central','A',NULL,NULL,NULL),(168,'2520','Fabricacion de armas y municiones','A',NULL,NULL,NULL),(169,'2591','Forja, prensado, estampado y laminado de metal; pulvimetalurgia','A',NULL,'2022-02-28 06:32:13','2022-02-28 06:32:13'),(170,'2592','Tratamiento y revestimiento\nde metales; mecanizado','A',NULL,'2022-02-28 06:32:13','2022-02-28 06:32:13'),(171,'2593','Fabricacion de articulos de cuchilleria, herramientas de mano y articulos de ferreteria','A',NULL,NULL,NULL),(172,'2599','Fabricacion de otros productos elaborados de metal n.c.p.','A',NULL,NULL,NULL),(173,'2610','Fabricacion de componentes y tableros electronicos','A',NULL,NULL,NULL),(174,'2620','Fabricacion de computadoras y de equipo periferico','A',NULL,NULL,NULL),(175,'2630','Fabricacion de equipos de comunicacion','A',NULL,NULL,NULL),(176,'2640','Fabricacion de aparatos electronicos de consumo','A',NULL,NULL,NULL),(177,'2651','Fabricacion de equipo de medicion, prueba, navegacion y control ','A',NULL,NULL,NULL),(178,'2652','Fabricacion de relojes','A',NULL,NULL,NULL),(179,'2660','Fabricacion de equipo de irradiacion y equipo electronico de uso medico y terapeutico','A',NULL,NULL,NULL),(180,'2670','Fabricacion de instrumentos opticos y equipo fotografico ','A',NULL,NULL,NULL),(181,'2680','Fabricacion de soportes magneticos y opticos','A',NULL,NULL,NULL),(182,'2711','Fabricacion de motores, generadores y transformadores electricos.','A',NULL,NULL,NULL),(183,'2712','Fabricacion de aparatos de distribucion y control de la energia electrica','A',NULL,NULL,NULL),(184,'2720','Fabricacion de pilas, baterias y acumuladores electricos','A',NULL,NULL,NULL),(185,'2731','Fabricacion de hilos y cables electricos y de fibra optica','A',NULL,NULL,NULL),(186,'2732','Fabricacion de dispositivos de cableado','A',NULL,NULL,NULL),(187,'2740','Fabricacion de equipos electricos de iluminacion','A',NULL,NULL,NULL),(188,'2750','Fabricacion de aparatos de uso domestico','A',NULL,NULL,NULL),(189,'2790','Fabricacion de otros tipos de equipo electrico n.c.p.','A',NULL,NULL,NULL),(190,'2811','Fabricacion de motores, turbinas, y partes para motores de combustion interna','A',NULL,NULL,NULL),(191,'2812','Fabricacion de equipos de potencia hidraulica y neumatica','A',NULL,NULL,NULL),(192,'2813','Fabricacion de otras bombas, compresores, grifos y valvulas','A',NULL,NULL,NULL),(193,'2814','Fabricacion de cojinetes, engranajes, trenes de engranajes y piezas de transmision','A',NULL,NULL,NULL),(194,'2815','Fabricacion de hornos, hogares y quemadores industriales','A',NULL,NULL,NULL),(195,'2816','Fabricacion de equipo de elevacion y manipulacion','A',NULL,NULL,NULL),(196,'2817','Fabricacion de maquinaria y equipo de oficina (excepto computadoras y equipo periferico)','A',NULL,NULL,NULL),(197,'2818','Fabricacion de herramientas manuales con motor','A',NULL,NULL,NULL),(198,'2819','Fabricacion de otros tipos de maquinaria y equipo de uso general n.c.p.','A',NULL,NULL,NULL),(199,'2821','Fabricacion de maquinaria agropecuaria y forestal','A',NULL,NULL,NULL),(200,'2822','Fabricacion de maquinas formadoras de metal y de maquinas herramienta','A',NULL,NULL,NULL),(201,'2823','Fabricacion de maquinaria para la metalurgia','A',NULL,NULL,NULL),(202,'2824','Fabricacion de maquinaria para explotacion de minas y canteras y para obras de construccion','A',NULL,NULL,NULL),(203,'2825','Fabricacion de maquinaria para la elaboracion de alimentos, bebidas y tabaco','A',NULL,NULL,NULL),(204,'2826','Fabricacion de maquinaria para la elaboracion de productos textiles, prendas de vestir y cueros','A',NULL,NULL,NULL),(205,'2829','Fabricacion de otros tipos de maquinaria y equipo de uso especial n.c.p.','A',NULL,NULL,NULL),(206,'2910','Fabricacion de vehiculos automotores y sus motores','A',NULL,NULL,NULL),(207,'2920','Fabricacion de carrocerias para vehiculos automotores; fabricacion de remolques y semirremolques','A',NULL,'2022-02-28 06:32:13','2022-02-28 06:32:13'),(208,'2930','Fabricacion de partes, piezas (autopartes) y accesorios (lujos) para vehiculos automotores','A',NULL,NULL,NULL),(209,'3011','Construccion de barcos y de estructuras flotantes','A',NULL,NULL,NULL),(210,'3012','Construccion de embarcaciones de recreo y deporte','A',NULL,NULL,NULL),(211,'3020','Fabricacion de locomotoras y de material rodante para ferrocarriles ','A',NULL,NULL,NULL),(212,'3030','Fabricacion de aeronaves, naves espaciales y de maquinaria conexa','A',NULL,NULL,NULL),(213,'3040','Fabricacion de vehiculos militares de combate','A',NULL,NULL,NULL),(214,'3091','Fabricacion de motocicletas','A',NULL,NULL,NULL),(215,'3092','Fabricacion de bicicletas y de sillas de ruedas para personas con discapacidad','A',NULL,NULL,NULL),(216,'3099','Fabricacion de otros tipos de equipo de transporte n.c.p.','A',NULL,NULL,NULL),(217,'3110','Fabricacion de muebles','A',NULL,NULL,NULL),(218,'3120','Fabricacion de colchones y somieres','A',NULL,NULL,NULL),(219,'3210','Fabricacion de joyas, bisuteria y articulos conexos','A',NULL,NULL,NULL),(220,'3220','Fabricacion de instrumentos musicales','A',NULL,NULL,NULL),(221,'3230','Fabricacion de articulos y\nequipo para la practica del\ndeporte (excepto prendas\nde vestir y calzado)','A',NULL,'2022-02-28 06:32:13','2022-02-28 06:32:13'),(222,'3240','Fabricacion de juegos,\njuguetes y rompecabezas','A',NULL,'2022-02-28 06:32:13','2022-02-28 06:32:13'),(223,'3250','Fabricacion de\ninstrumentos, aparatos y\nmateriales medicos y\nodontologicos (incluido\nmobiliario)','A',NULL,'2022-02-28 06:32:13','2022-02-28 06:32:13'),(224,'3290','Otras industrias manufactureras n.c.p.','A',NULL,NULL,NULL),(225,'3311','Mantenimiento y reparacion especializado de productos elaborados en metal','A',NULL,NULL,NULL),(226,'3312','Mantenimiento y reparacion especializado de maquinaria y equipo','A',NULL,NULL,NULL),(227,'3313','Mantenimiento y reparacion especializado de equipo electronico y optico','A',NULL,NULL,NULL),(228,'3314','Mantenimiento y reparacion especializado de equipo electrico','A',NULL,NULL,NULL),(229,'3315','Mantenimiento y reparacion especializado de equipo de transporte, excepto los vehiculos automotores, motocicletas y bicicletas','A',NULL,NULL,NULL),(230,'3319','Mantenimiento y reparacion de otros tipos de equipos y sus componentes n.c.p.','A',NULL,NULL,NULL),(231,'3320','Instalacion especializada de maquinaria y equipo industrial','A',NULL,NULL,NULL),(232,'3511','Generacion de energia electrica','A',NULL,NULL,NULL),(233,'3512','Transmision de energia electrica','A',NULL,NULL,NULL),(234,'3513','Distribucion de energia electrica','A',NULL,NULL,NULL),(235,'3514','Comercializacion de energia electrica','A',NULL,NULL,NULL),(236,'3530','Suministro de vapor y aire acondicionado','A',NULL,NULL,NULL),(237,'3700','Evacuacion y tratamiento de aguas residuales ','A',NULL,NULL,NULL),(238,'3811','Recoleccion de desechos no peligrosos','A',NULL,NULL,NULL),(239,'3812','Recoleccion de desechos peligrosos','A',NULL,NULL,NULL),(240,'3821','Tratamiento y disposicion de desechos no peligrosos','A',NULL,NULL,NULL),(241,'3822','Tratamiento y disposicion de desechos peligrosos','A',NULL,NULL,NULL),(242,'3830','Recuperacion de materiales','A',NULL,NULL,NULL),(243,'4111','Construccion de edificios residenciales','A',NULL,NULL,NULL),(244,'4112','Construccion de edificios no residenciales','A',NULL,NULL,NULL),(245,'4210','Construccion de carreteras y vias de ferrocarril','A',NULL,NULL,NULL),(246,'4220','Construccion de proyectos de servicio publico','A',NULL,NULL,NULL),(247,'4290','Construccion de otras obras de ingenieria civil','A',NULL,NULL,NULL),(248,'4311','Demolicion','A',NULL,NULL,NULL),(249,'4312','Preparacion del terreno','A',NULL,NULL,NULL),(250,'4321','Instalaciones electricas de la construccion','A',NULL,NULL,NULL),(251,'4322','Instalaciones de fontaneria, calefaccion y aire acondicionado de la construccion','A',NULL,NULL,NULL),(252,'4329','Otras instalaciones especializadas de la construccion','A',NULL,NULL,NULL),(253,'4330','Terminacion y acabado de edificios y obras de ingenieria civil','A',NULL,NULL,NULL),(254,'4390','Otras actividades especializadas para la construccion de edificios y obras de ingenieria civil','A',NULL,NULL,NULL),(255,'4511','Comercio de vehiculos automotores nuevos','A',NULL,NULL,NULL),(256,'4512','Comercio de vehiculos automotores usados','A',NULL,NULL,NULL),(257,'4520','Mantenimiento y reparacion de vehiculos automotores.','A',NULL,NULL,NULL),(258,'4530','Comercio de partes, piezas (autopartes) y accesorios (lujos) para vehiculos automotores','A',NULL,NULL,NULL),(259,'4542','Mantenimiento y reparacion de motocicletas y de sus partes y piezas','A',NULL,NULL,NULL),(260,'4610','Comercio al por mayor a cambio de una retribucion o por contrata','A',NULL,NULL,NULL),(261,'4631','Comercio al por mayor de productos alimenticios','A',NULL,NULL,NULL),(262,'4641','Comercio al por mayor de productos textiles y productos confeccionados para uso domestico ','A',NULL,NULL,NULL),(263,'4642','Comercio al por mayor de prendas de vestir','A',NULL,NULL,NULL),(264,'4643','Comercio al por mayor de calzado','A',NULL,NULL,NULL),(265,'4644','Comercio al por mayor de aparatos y equipo de uso domestico','A',NULL,NULL,NULL),(266,'4651','Comercio al por mayor de computadores, equipo periferico y programas de informatica','A',NULL,NULL,NULL),(267,'4652','Comercio al por mayor de equipo, partes y piezas electronicos y de telecomunicaciones','A',NULL,NULL,NULL),(268,'4653','Comercio al por mayor de maquinaria y equipo agropecuarios','A',NULL,NULL,NULL),(269,'4659','Comercio al por mayor de otros tipos de maquinaria y equipo n.c.p.','A',NULL,NULL,NULL),(270,'4662','Comercio al por mayor de metales y productos metaliferos','A',NULL,NULL,NULL),(271,'4664','Comercio al por mayor de productos quimicos basicos, cauchos y plasticos en formas primarias y productos quimicos de uso agropecuario','A',NULL,NULL,NULL),(272,'4665','Comercio al por mayor de desperdicios, desechos y chatarra','A',NULL,NULL,NULL),(273,'4669','Comercio al por mayor de otros productos n.c.p.','A',NULL,NULL,NULL),(274,'4690','Comercio al por mayor no especializado','A',NULL,NULL,NULL),(275,'4721','Comercio al por menor de productos agricolas para el consumo en establecimientos especializados','A',NULL,NULL,NULL),(276,'4722','Comercio al por menor de leche, productos lacteos y huevos, en establecimientos especializados','A',NULL,NULL,NULL),(277,'4723','Comercio al por menor de carnes (incluye aves de corral), productos carnicos, pescados y productos de mar, en establecimientos especializados','A',NULL,NULL,NULL),(278,'4729','Comercio al por menor de otros productos alimenticios n.c.p., en establecimientos especializados','A',NULL,NULL,NULL),(279,'4731','Comercio al por menor de combustible para automotores','A',NULL,NULL,NULL),(280,'4732','Comercio al por menor de lubricantes (aceites, grasas), aditivos y productos de limpieza para vehiculos automotores','A',NULL,NULL,NULL),(281,'4741','Comercio al por menor de computadores, equipos perifericos, programas de informatica y equipos de telecomunicaciones en establecimientos especializados','A',NULL,NULL,NULL),(282,'4742','Comercio al por menor de equipos y aparatos de sonido y de video, en establecimientos especializados','A',NULL,NULL,NULL),(283,'4751','Comercio al por menor de productos textiles en establecimientos especializados','A',NULL,NULL,NULL),(284,'4753','Comercio al por menor de tapices, alfombras y recubrimientos para paredes y pisos en establecimientos especializados','A',NULL,NULL,NULL),(285,'4754','Comercio al por menor de electrodomesticos y gasodomesticos de uso domestico, muebles y equipos de iluminacion en establecimientos especializados','A',NULL,NULL,NULL),(286,'4755','Comercio al por menor de articulos y utensilios de uso domestico en establecimientos especializados','A',NULL,NULL,NULL),(287,'4759','Comercio al por menor de otros articulos domesticos en establecimientos especializados','A',NULL,NULL,NULL),(288,'4762','Comercio al por menor de articulos deportivos, en establecimientos especializados','A',NULL,NULL,NULL),(289,'4769','Comercio al por menor de otros articulos culturales y de entretenimiento n.c.p. en establecimientos especializados','A',NULL,NULL,NULL),(290,'4771','Comercio al por menor de prendas de vestir y sus accesorios (incluye articulos de piel) en establecimientos especializados','A',NULL,NULL,NULL),(291,'4772','Comercio al por menor de todo tipo de calzado y articulos de cuero y sucedaneos del cuero en establecimientos especializados.','A',NULL,NULL,NULL),(292,'4774','Comercio al por menor de otros productos nuevos en establecimientos especializados','A',NULL,NULL,NULL),(293,'4775','Comercio al por menor de articulos de segunda mano','A',NULL,NULL,NULL),(294,'4782','Comercio al por menor de productos textiles, prendas de vestir y calzado, en puestos de venta moviles','A',NULL,NULL,NULL),(295,'4789','Comercio al por menor de otros productos en puestos de venta moviles','A',NULL,NULL,NULL),(296,'4911','Transporte ferreo de pasajeros','A',NULL,NULL,NULL),(297,'4912','Transporte ferreo de carga','A',NULL,NULL,NULL),(298,'4921','Transporte de pasajeros','A',NULL,NULL,NULL),(299,'4922','Transporte mixto','A',NULL,NULL,NULL),(300,'4923','Transporte de carga por carretera','A',NULL,NULL,NULL),(301,'4930','Transporte por tuberias','A',NULL,NULL,NULL),(302,'5011','Transporte de pasajeros maritimo y de cabotaje','A',NULL,NULL,NULL),(303,'5012','Transporte de carga\nmaritimo y de cabotaje','A',NULL,'2022-02-28 06:32:13','2022-02-28 06:32:13'),(304,'5021','Transporte fluvial de pasajeros','A',NULL,NULL,NULL),(305,'5022','Transporte fluvial de carga','A',NULL,NULL,NULL),(306,'5111','Transporte aereo nacional de pasajeros','A',NULL,NULL,NULL),(307,'5112','Transporte aereo internacional de pasajeros','A',NULL,NULL,NULL),(308,'5121','Transporte aereo nacional de carga','A',NULL,NULL,NULL),(309,'5122','Transporte aereo internacional de carga','A',NULL,NULL,NULL),(310,'5210','Almacenamiento y deposito','A',NULL,NULL,NULL),(311,'5221','Actividades de estaciones, vias y servicios complementarios para el transporte terrestre','A',NULL,NULL,NULL),(312,'5222','Actividades de puertos y servicios complementarios para el transporte acuatico','A',NULL,NULL,NULL),(313,'5223','Actividades de aeropuertos, servicios de navegacion aerea y demas actividades conexas al transporte aereo','A',NULL,NULL,NULL),(314,'5224','Manipulacion de carga','A',NULL,NULL,NULL),(315,'5229','Otras actividades complementarias al transporte','A',NULL,NULL,NULL),(316,'5310','Actividades postales nacionales','A',NULL,NULL,NULL),(317,'5320','Actividades de mensajeria','A',NULL,NULL,NULL),(318,'5511','Alojamiento en hoteles','A',NULL,NULL,NULL),(319,'5512','Alojamiento en aparta-hoteles','A',NULL,NULL,NULL),(320,'5513','Alojamiento en centros vacacionales','A',NULL,NULL,NULL),(321,'5514','Alojamiento rural','A',NULL,NULL,NULL),(322,'5519','Otros tipos de alojamientos para visitantes','A',NULL,NULL,NULL),(323,'5520','Actividades de zonas de camping y parques para vehiculos recreacionales','A',NULL,NULL,NULL),(324,'5530','Servicio por horas  de alojamiento','A',NULL,NULL,NULL),(325,'5590','Otros tipos de alojamiento n.c.p.','A',NULL,NULL,NULL),(326,'5611','Expendio a la mesa de comidas preparadas','A',NULL,NULL,NULL),(327,'5612','Expendio por autoservicio de comidas preparadas','A',NULL,NULL,NULL),(328,'5613','Expendio de comidas preparadas en cafeterias','A',NULL,NULL,NULL),(329,'5619','Otros tipos de expendio de comidas preparadas n.c.p.','A',NULL,NULL,NULL),(330,'5621','Catering para eventos','A',NULL,NULL,NULL),(331,'5629','Actividades de otros servicios de comidas','A',NULL,NULL,NULL),(332,'5630','Expendio de bebidas alcoholicas para el consumo dentro del establecimiento','A',NULL,NULL,NULL),(333,'5812','Edicion de directorios y listas de correo','A',NULL,NULL,NULL),(334,'5813','Edicion de periodicos, revistas y otras publicaciones periodicas','A',NULL,NULL,NULL),(335,'5819','Otros trabajos de edicion','A',NULL,NULL,NULL),(336,'5820','Edicion de programas de informatica (software)','A',NULL,NULL,NULL),(337,'5911','Actividades de produccion de peliculas cinematograficas, videos, programas, anuncios y comerciales de television (excepto programacion de television)','A',NULL,NULL,NULL),(338,'5912','Actividades de postproduccion de peliculas cinematograficas, videos, programas, anuncios y comerciales de television (excepto programacion de television)','A',NULL,NULL,NULL),(339,'5913','Actividades de distribucion de peliculas cinematograficas, videos, programas, anuncios y comerciales de television','A',NULL,NULL,NULL),(340,'5914','Actividades de exhibicion de peliculas cinematograficas y videos','A',NULL,NULL,NULL),(341,'5920','Actividades de grabacion de sonido y edicion de musica','A',NULL,NULL,NULL),(342,'6010','Actividades de programacion y transmision en el servicio de radiodifusion sonora','A',NULL,NULL,NULL),(343,'6110','Actividades de telecomunicaciones alambricas','A',NULL,NULL,NULL),(344,'6120','Actividades de telecomunicaciones inalambricas','A',NULL,NULL,NULL),(345,'6130','Actividades de telecomunicacion satelital','A',NULL,NULL,NULL),(346,'6190','Otras actividades de telecomunicaciones','A',NULL,NULL,NULL),(347,'6201','Actividades de desarrollo de sistemas informaticos (planificacion, analisis, diseno, programacion, pruebas)','A',NULL,NULL,NULL),(348,'6202','Actividades de consultoria informatica y actividades de administracion de instalaciones informaticas','A',NULL,NULL,NULL),(349,'6209','Otras actividades de tecnologias de informacion y actividades de servicios informaticos','A',NULL,NULL,NULL),(350,'6311','Procesamiento de datos, alojamiento (hosting) y actividades relacionadas','A',NULL,NULL,NULL),(351,'6312','Portales Web','A',NULL,NULL,NULL),(352,'6391','Actividades de agencias de noticias','A',NULL,NULL,NULL),(353,'6399','Otras actividades de servicio de informacion n.c.p.','A',NULL,NULL,NULL),(354,'6411','Banca Central','A',NULL,NULL,NULL),(355,'6412','Bancos comerciales','A',NULL,NULL,NULL),(356,'6421','Actividades de las corporaciones financieras','A',NULL,NULL,NULL),(357,'6422','Actividades de las companias de financiamiento','A',NULL,NULL,NULL),(358,'6423','Banca de segundo piso','A',NULL,NULL,NULL),(359,'6424','Actividades de las cooperativas financieras','A',NULL,NULL,NULL),(360,'6431','Fideicomisos, fondos y entidades financieras similares','A',NULL,NULL,NULL),(361,'6491','Leasing financiero (arrendamiento financiero)','A',NULL,NULL,NULL),(362,'6492','Actividades financieras de fondos de empleados y otras formas asociativas del sector solidario','A',NULL,NULL,NULL),(363,'6493','Actividades de compra de cartera o factoring','A',NULL,NULL,NULL),(364,'6494','Otras actividades de distribucion de fondos','A',NULL,NULL,NULL),(365,'6495','Instituciones especiales oficiales','A',NULL,NULL,NULL),(366,'6496','Capitalizacion','A',NULL,NULL,NULL),(367,'6511','Seguros generales','A',NULL,NULL,NULL),(368,'6512','Seguros de vida','A',NULL,NULL,NULL),(369,'6513','Reaseguros','A',NULL,NULL,NULL),(370,'6515','Seguros de salud','A',NULL,NULL,NULL),(371,'6521','Servicios de seguros sociales de salud','A',NULL,NULL,NULL),(372,'6522','Servicios de seguros sociales en riesgos laborales','A',NULL,NULL,NULL),(373,'6523','Servicios de seguros sociales en riesgos familia','A',NULL,NULL,NULL),(374,'6532','Regimen de ahorro con solidaridad (RAIS)','A',NULL,NULL,NULL),(375,'6612','Corretaje de valores y de contratos de productos basicos','A',NULL,NULL,NULL),(376,'6613','Otras actividades relacionadas con el mercado de valores','A',NULL,NULL,NULL),(377,'6614','Actividades de las sociedades de intermediacion cambiaria y de servicios financieros especiales','A',NULL,NULL,NULL),(378,'6615','Actividades de los profesionales de compra y venta de divisas','A',NULL,NULL,NULL),(379,'6619','Otras actividades auxiliares de las actividades de servicios financieros n.c.p.','A',NULL,NULL,NULL),(380,'6621','Actividades de agentes y corredores de seguros','A',NULL,NULL,NULL),(381,'6629','Evaluacion de riesgos y danos, y otras actividades de servicios auxiliares','A',NULL,NULL,NULL),(382,'6630','Actividades de administracion de fondos','A',NULL,NULL,NULL),(383,'6810','Actividades inmobiliarias realizadas con bienes propios o arrendados','A',NULL,NULL,NULL),(384,'6820','Actividades inmobiliarias realizadas a cambio de una retribucion o por contrata','A',NULL,NULL,NULL),(385,'7310','Publicidad','A',NULL,NULL,NULL),(386,'7420','Actividades de fotografia','A',NULL,NULL,NULL),(387,'7500','Actividades veterinarias','A',NULL,NULL,NULL),(388,'7710','Alquiler y arrendamiento de vehiculos automotores','A',NULL,NULL,NULL),(389,'7721','Alquiler y arrendamiento de equipo recreativo y deportivo','A',NULL,NULL,NULL),(390,'7722','Alquiler de videos y discos','A',NULL,NULL,NULL),(391,'7729','Alquiler y arrendamiento de otros efectos personales y enseres domesticos n.c.p.','A',NULL,NULL,NULL),(392,'7730','Alquiler y arrendamiento de otros tipos de maquinaria, equipo y bienes tangibles n.c.p.','A',NULL,NULL,NULL),(393,'7740','Arrendamiento de propiedad intelectual y productos similares, excepto obras protegidas por derechos de autor','A',NULL,NULL,NULL),(394,'7810','Actividades de agencias de gestion y colocacion de empleo','A',NULL,NULL,NULL),(395,'7820','Actividades de empresas de servicios temporales','A',NULL,NULL,NULL),(396,'7830','Otras actividades de provision de talento humano','A',NULL,NULL,NULL),(397,'7911','Actividades de las agencias de viaje','A',NULL,NULL,NULL),(398,'7912','Actividades de operadores turisticos','A',NULL,NULL,NULL),(399,'7990','Otros servicios de reserva y actividades relacionadas','A',NULL,NULL,NULL),(400,'8010','Actividades de seguridad privada','A',NULL,NULL,NULL),(401,'8020','Actividades de servicios de sistemas de seguridad','A',NULL,NULL,NULL),(402,'8030','Actividades de detectives e investigadores privados','A',NULL,NULL,NULL),(403,'8110','Actividades combinadas de apoyo a instalaciones','A',NULL,NULL,NULL),(404,'8121','Limpieza general interior de edificios','A',NULL,NULL,NULL),(405,'8129','Otras actividades de limpieza de edificios e instalaciones industriales','A',NULL,NULL,NULL),(406,'8130','Actividades de paisajismo y servicios de mantenimiento conexos','A',NULL,NULL,NULL),(407,'8211','Actividades combinadas de servicios administrativos de oficina','A',NULL,NULL,NULL),(408,'8219','Fotocopiado, preparacion de documentos y otras actividades especializadas de apoyo a oficina','A',NULL,NULL,NULL),(409,'8220','Actividades de centros de llamadas (Call center)','A',NULL,NULL,NULL),(410,'8230','Organizacion de convenciones y eventos comerciales','A',NULL,NULL,NULL),(411,'8291','Actividades de agencias de cobranza y oficinas de calificacion crediticia','A',NULL,NULL,NULL),(412,'8292','Actividades de envase y empaque','A',NULL,NULL,NULL),(413,'8299','Otras actividades de servicio de apoyo a las empresas n.c.p.','A',NULL,NULL,NULL),(414,'8511','Educacion de la primera infancia','A',NULL,NULL,NULL),(415,'8512','Educacion preescolar','A',NULL,NULL,NULL),(416,'8513','Educacion basica primaria','A',NULL,NULL,NULL),(417,'8521','Educacion basica secundaria','A',NULL,NULL,NULL),(418,'8522','Educacion media academica','A',NULL,NULL,NULL),(419,'8530','Establecimientos que combinan diferentes niveles de educacion inicial, preescolar, basica primaria, basica secundaria y media','A',NULL,NULL,NULL),(420,'8541','Educacion tecnica profesional','A',NULL,NULL,NULL),(421,'8542','Educacion tecnologica','A',NULL,NULL,NULL),(422,'8543','Educacion de instituciones universitarias o de escuelas tecnologicas','A',NULL,NULL,NULL),(423,'8544','Educacion de universidades','A',NULL,NULL,NULL),(424,'8551','Formacion para el trabajo','A',NULL,NULL,NULL),(425,'8552','Ensenanza deportiva y recreativa','A',NULL,NULL,NULL),(426,'8553','Ensenanza cultural','A',NULL,NULL,NULL),(427,'8559','Otros tipos de educacion n.c.p.','A',NULL,NULL,NULL),(428,'85591','Educacion academica no formal (excepto programas de educacion basica primaria, basica secundaria y media no gradual con fines de validacion)','A',NULL,NULL,NULL),(429,'85592','Educacion academica no formal impartida mediante programas de educacion basica primaria, basica secundaria y media no gradual con fines de validacion','A',NULL,NULL,NULL),(430,'8560','Actividades de apoyo a la educacion','A',NULL,NULL,NULL),(431,'8610','Actividades de hospitales y clinicas, con internacion','A',NULL,NULL,NULL),(432,'8720','Actividades de atencion residencial, para el cuidado de pacientes con retardo mental, enfermedad mental y consumo de sustancias psicoactivas','A',NULL,NULL,NULL),(433,'8730','Actividades de atencion en instituciones para el cuidado de personas mayores y/o discapacitadas','A',NULL,NULL,NULL),(434,'8790','Otras actividades de atencion en instituciones con alojamiento','A',NULL,NULL,NULL),(435,'8810','Actividades de asistencia social sin alojamiento para personas mayores y discapacitadas','A',NULL,NULL,NULL),(436,'8891','Actividades de guarderias para ninos y ninas','A',NULL,NULL,NULL),(437,'8899','Otras actividades de asistencia social n.c.p','A',NULL,NULL,NULL),(438,'9321','Actividades de parques de atracciones y parques tematicos','A',NULL,NULL,NULL),(439,'9411','Actividades de asociaciones empresariales y de empleadores','A',NULL,NULL,NULL),(440,'9499','Actividades de otras asociaciones n.c.p.','A',NULL,NULL,NULL),(441,'9511','Mantenimiento y reparacion de computadores y de equipo periferico','A',NULL,NULL,NULL),(442,'9512','Mantenimiento y reparacion de equipos de comunicacion','A',NULL,NULL,NULL),(443,'9521','Mantenimiento y reparacion de aparatos electronicos de consumo','A',NULL,NULL,NULL),(444,'9522','Mantenimiento y reparacion de aparatos domesticos y equipos domesticos y de jardineria','A',NULL,NULL,NULL),(445,'9523','Reparacion de calzado y articulos de cuero','A',NULL,NULL,NULL),(446,'9524','Reparacion de muebles y accesorios para el hogar','A',NULL,NULL,NULL),(447,'9529','Mantenimiento y reparacion de otros efectos personales y enseres domesticos','A',NULL,NULL,NULL),(448,'9601','Lavado y limpieza, incluso la limpieza en seco, de productos textiles y de piel','A',NULL,NULL,NULL),(449,'9602','Peluqueria y otros tratamientos de belleza','A',NULL,NULL,NULL),(450,'9603','Pompas funebres y actividades relacionadas','A',NULL,NULL,NULL),(451,'9609','Otras actividades de servicios personales n.c.p.','A',NULL,NULL,NULL),(452,'10201','Procesamiento y conservacion de frutas, legumbres, hortalizas y tuberculos (excepto elaboracion de jugos de frutas)','A',NULL,NULL,NULL),(453,'10202','Elaboracion de jugos de frutas','A',NULL,NULL,NULL),(454,'10401','Elaboracion de productos lacteos (excepto bebidas)','A',NULL,NULL,NULL),(455,'10402','Elaboracion de bebidas lacteas','A',NULL,NULL,NULL),(456,'14201','Fabricacion de prendas de vestir de piel','A',NULL,NULL,NULL),(457,'14202','Fabricacion de articulos de piel (excepto prendas de vestir)','A',NULL,NULL,NULL),(458,'14301','Fabricacion de prendas de vestir de punto y ganchillo','A',NULL,NULL,NULL),(459,'14302','Fabricacion de articulos de punto y ganchillo (excepto prendas de vestir)','A',NULL,NULL,NULL),(460,'35201','Produccion de gas','A',NULL,NULL,NULL),(461,'35202','Distribucion de combustibles gaseosos por tuberias','A',NULL,NULL,NULL),(462,'36001','Captacion y tratamiento de agua','A',NULL,NULL,NULL),(463,'36002','Distribucion de agua ','A',NULL,NULL,NULL),(464,'39001','Actividades de saneamiento ambiental y otros servicios de gestion de desechos (excepto los servicios prestados por contratistas de construccion, constructores y urbanizadores)','A',NULL,NULL,NULL),(465,'39002','Actividades de saneamiento ambiental y otros  de gestion de desechos prestados por contratistas de construccion, constructores y urbanizadores','A',NULL,NULL,NULL),(466,'45411','Comercio de motocicletas','A',NULL,NULL,NULL),(467,'45412','Comercio de partes, piezas y accesorios de motocicletas','A',NULL,NULL,NULL),(468,'46201','Comercio al por mayor de materias primas agricolas en bruto (alimentos)','A',NULL,NULL,NULL),(469,'46202','Comercio al por mayor de materias primas pecuarias y animales vivos','A',NULL,NULL,NULL),(470,'46321','Comercio al por mayor de bebidas y tabaco (diferentes a licores y cigarrillos)','A',NULL,NULL,NULL),(471,'46322','Comercio al por mayor de licores y cigarrillos','A',NULL,NULL,NULL),(472,'46451','Comercio al por mayor de productos farmaceuticos y medicinales','A',NULL,NULL,NULL),(473,'46452','Comercio al por mayor de productos cosmeticos y de tocador (excepto productos farmaceuticos y medicinales)','A',NULL,NULL,NULL),(474,'46491','Comercio al por mayor de otros utensilios domesticos n.c.p. (excepto joyas)','A',NULL,NULL,NULL),(475,'46492','Venta de joyas','A',NULL,NULL,NULL),(476,'46611','Comercio al por mayor de combustibles solidos, liquidos, gaseosos y productos conexos (excepto combustibles derivados del petroleo)','A',NULL,NULL,NULL),(477,'46612','Comercio al por mayor de combustibles derivados del petroleo','A',NULL,NULL,NULL),(478,'46631','Comercio al por mayor de materiales de construccion','A',NULL,NULL,NULL),(479,'46632','Comercio al por mayor de articulos de ferreteria, pinturas, productos de vidrio, equipo y materiales de fontaneria y calefaccion','A',NULL,NULL,NULL),(480,'47111','Comercio al por menor en establecimientos no especializados con surtido compuesto principalmente por alimentos, bebidas no alcoholicas o tabaco (excepto cigarrillos)','A',NULL,NULL,NULL),(481,'47112','Comercio al por menor en establecimientos no especializados con surtido compuesto principalmente por licores y cigarrillos','A',NULL,NULL,NULL),(482,'47191','Comercio al por menor en establecimientos no especializados, con surtido compuesto principalmente por productos de bebidas alcoholicas y cigarrillos ','A',NULL,NULL,NULL),(483,'47192','Comercio al por menor en establecimientos no especializados, con surtido compuesto principalmente por drogas, medicamentos, textos escolares, libros y cuadernos.','A',NULL,NULL,NULL),(484,'47241','Comercio al por menor de bebidas y productos del tabaco, en establecimientos especializados (excepto licores y cigarrillos)','A',NULL,NULL,NULL),(485,'47242','Comercio al por menor de licores y cigarrillos','A',NULL,NULL,NULL),(486,'47521','Comercio al por menor de materiales de construccion','A',NULL,NULL,NULL),(487,'47522','Comercio al por menor de articulos de ferreteria, pinturas y productos de vidrio en establecimientos especializados (excepto materiales de construccion)','A',NULL,NULL,NULL),(488,'47611','Comercio al por menor y al por mayor de libros, textos escolares y cuadernos ','A',NULL,NULL,NULL),(489,'47612','Comercio al por menor de periodicos, materiales y articulos de papeleria y escritorio, en establecimientos especializados (excepto libros, textos escolares y cuadernos)','A',NULL,NULL,NULL),(490,'47731','Comercio al por menor de productos farmaceuticos y medicinales en establecimientos especializados','A',NULL,NULL,NULL),(491,'47732','Comercio al por menor de productos cosmeticos y articulos de tocador en establecimientos especializados (excepto productos farmaceuticos y medicinales)','A',NULL,NULL,NULL),(492,'47811','Comercio al por menor de alimentos en puestos de venta moviles','A',NULL,NULL,NULL),(493,'47812','Comercio al por menor de bebidas y tabaco en puestos de venta moviles (excepto licores y cigarrillos)','A',NULL,NULL,NULL),(494,'47813','Comercio al por menor de cigarrillos y licores en puestos de venta moviles','A',NULL,NULL,NULL),(495,'47911','Comercio al por menor de alimentos y productos agricolas en bruto; venta de textos escolares y libros (incluye cuadernos escolares); venta de drogas y medicamentos realizado a traves de internet','A',NULL,'2022-02-28 06:32:13','2022-02-28 06:32:13'),(496,'47912','Comercio al por menor y al por mayor de madera y materiales para construccion; venta de automotores (incluidas motocicletas) realizado a traves de internet','A',NULL,'2022-02-28 06:32:13','2022-02-28 06:32:13'),(497,'47913','Comercio al por menor de cigarrillos y licores; venta de combustibles derivados del petroleo y venta de joyas realizado a traves de internet','A',NULL,'2022-02-28 06:32:13','2022-02-28 06:32:13'),(498,'47914','Comercio al por menor de demas productos n.c.p. realizado a traves de internet','A',NULL,NULL,NULL),(499,'47921','Comercio al por menor de alimentos y productos agricolas en bruto; venta de textos escolares y libros (incluye cuadernos escolares); venta de drogas y medicamentos realizado a traves de casas de venta o por correo','A',NULL,'2022-02-28 06:32:13','2022-02-28 06:32:13'),(500,'47922','Comercio al por menor y al por mayor de madera y materiales para construccion; venta de automotores (incluidas motocicletas) realizado a traves de casas de venta o por correo','A',NULL,'2022-02-28 06:32:13','2022-02-28 06:32:13'),(501,'47923','Comercio al por menor de cigarrillos y licores; venta de combustibles derivados del petroleo y venta de joyas realizado a traves de casas de venta o por correo','A',NULL,'2022-02-28 06:32:13','2022-02-28 06:32:13'),(502,'47924','Comercio al por menor de demas productos n.c.p. realizado a traves de casas de venta o por correo','A',NULL,NULL,NULL),(503,'47991','Otros tipos de comercio al por menor no realizado en establecimientos, puestos de venta o mercados de textos escolares y libros (incluye cuadernos escolares); venta de drogas y medicamentos','A',NULL,'2022-02-28 06:32:13','2022-02-28 06:32:13'),(504,'47992','Otros tipos de comercio al por menor no realizado en establecimientos, puestos de venta o mercados de materiales para construccion; venta de automotores (incluidas motocicletas)','A',NULL,'2022-02-28 06:32:13','2022-02-28 06:32:13'),(505,'47993','Otros tipos de comercio al por menor no realizado en establecimientos, puestos de venta o mercados de cigarrillos y licores; venta de combustibles derivados del petroleo y venta de joyas','A',NULL,'2022-02-28 06:32:13','2022-02-28 06:32:13'),(506,'47994','Otros tipos de comercio al por menor no realizado en establecimientos, puestos de venta o mercados de demas productos n.c.p.','A',NULL,NULL,NULL),(507,'58111','Servicio de edicion de libros','A',NULL,NULL,NULL),(508,'58112','Edicion y publicacion de libros','A',NULL,NULL,NULL),(509,'58113','Edicion y publicacion de libros (Tarifa especial para los contribuyentes que cumplen condiciones del Acuerdo 98 de 2003)','A',NULL,NULL,NULL),(510,'60201','Actividades de programacion de television','A',NULL,NULL,NULL),(511,'60202','Actividades de transmision de television','A',NULL,NULL,NULL),(512,'64991','Otras actividades de servicio financiero, excepto las de seguros y pensiones n.c.p.','A',NULL,NULL,NULL),(513,'64992','Actividades comerciales de las casas de empeno o compraventa','A',NULL,NULL,NULL),(514,'64993','Servicios de las casas de empeno o compraventas','A',NULL,NULL,NULL),(515,'66111','Administracion de mercados financieros (excepto actividades de las bolsas de valores)','A',NULL,NULL,NULL),(516,'66112','Actividades de las bolsas de valores','A',NULL,NULL,NULL),(517,'69101','Actividades juridicas como consultoria profesional','A',NULL,NULL,NULL),(518,'69102','Actividades juridicas en el ejercicio de una profesion liberal','A',NULL,NULL,NULL),(519,'69201','Actividades de contabilidad, teneduria de libros, auditoria financiera y asesoria tributaria como consultoria profesional','A',NULL,NULL,NULL),(520,'69202','Actividades de contabilidad, teneduria de libros, auditoria financiera y asesoria tributaria en el ejercicio de una profesion liberal','A',NULL,NULL,NULL),(521,'70101','Actividades de administracion empresarial como consultoria profesional','A',NULL,NULL,NULL),(522,'70102','Actividades de administracion empresarial en el ejercicio de una profesion liberal','A',NULL,NULL,NULL),(523,'70201','Actividades de consultoria de gestion','A',NULL,NULL,NULL),(524,'70202','Actividades de gestion en el ejercicio de una profesion liberal','A',NULL,NULL,NULL),(525,'71111','Actividades de arquitectura','A',NULL,NULL,NULL),(526,'71112','Actividades de arquitectura en ejercicio de una profesion liberal','A',NULL,NULL,NULL),(527,'71121','Actividades de ingenieria y otras actividades conexas de consultoria tecnica','A',NULL,NULL,NULL),(528,'71122','Actividades de ingenieria y otras actividades conexas de consultoria tecnica en ejercicio de una profesion liberal','A',NULL,NULL,NULL),(529,'71201','Ensayos y analisis tecnicos como consultoria profesional','A',NULL,NULL,NULL),(530,'71202','Ensayos y analisis tecnicos como consultoria profesional en el ejercicio de una profesion liberal','A',NULL,NULL,NULL),(531,'72101','Investigaciones y desarrollo experimental en el campo de las ciencias naturales y la ingenieria como consultoria profesional','A',NULL,NULL,NULL),(532,'72102','Investigaciones y desarrollo experimental en el campo de las ciencias naturales y la ingenieria en el ejercicio de una profesion liberal','A',NULL,NULL,NULL),(533,'72201','Investigaciones y desarrollo experimental en el campo de las ciencias sociales y las humanidades como consultoria profesional','A',NULL,NULL,NULL),(534,'72202','Investigaciones y desarrollo experimental en el campo de las ciencias sociales y las humanidades en el ejercicio de una profesion liberal','A',NULL,NULL,NULL),(535,'73201','Estudios de mercado y realizacion de encuestas de opinion publica como consultoria profesional','A',NULL,NULL,NULL),(536,'73202','Estudios de mercado y realizacion de encuestas de opinion publica en el ejercicio de una profesion liberal','A',NULL,NULL,NULL),(537,'74101','Actividades especializadas de diseno como consultoria profesional','A',NULL,NULL,NULL),(538,'74102','Actividades especializadas de diseno en el ejercicio de una profesion liberal','A',NULL,NULL,NULL),(539,'74901','Otras actividades profesionales, cientificas y tecnicas n.c.p. como consultoria profesional (incluye actividades de periodistas)','A',NULL,NULL,NULL),(540,'74902','Otras actividades profesionales, cientificas y tecnicas n.c.p. en el ejercicio de una profesion liberal','A',NULL,NULL,NULL),(541,'8523','Educacion media tecnica','A',NULL,NULL,NULL),(542,'85232','Educacion de formacion laboral','A',NULL,'2022-02-28 06:28:40','2022-02-28 06:28:40'),(543,'86211','Actividades de la practica medica, sin internacion (excepto actividades de promocion y prevencion que realicen las entidades e instituciones promotoras y prestadoras de servicios de salud de naturaleza publica o privada, con recursos que provengan del Sistema General de Seguridad Social en Salud.)','A',NULL,NULL,NULL),(544,'86221','Actividades de la practica odontologica, sin internacion (excepto actividades de promocion y prevencion que realicen las entidades e instituciones promotoras y prestadoras de servicios de salud de naturaleza publica o privada, con recursos que provengan del Sistema General de Seguridad Social en Salud.)','A',NULL,NULL,NULL),(545,'86911','Actividades de apoyo diagnostico (excepto actividades de promocion y prevencion que realicen las entidades e instituciones promotoras y prestadoras de servicios de salud de naturaleza publica o privada, con recursos que provengan del Sistema General de Seguridad Social en Salud.)','A',NULL,NULL,NULL),(546,'86921','Actividades de apoyo terapeutico (excepto actividades de promocion y prevencion que realicen las entidades e instituciones promotoras y prestadoras de servicios de salud de naturaleza publica o privada, con recursos que provengan del Sistema General de Seguridad Social en Salud.)','A',NULL,NULL,NULL),(547,'86991','Otras actividades de atencion de la salud humana (excepto actividades de promocion y prevencion que realicen las entidades e instituciones promotoras y prestadoras de servicios de salud de naturaleza publica o privada, con recursos que provengan del Sistema General de Seguridad Social en Salud.)','A',NULL,NULL,NULL),(548,'87101','Actividades de atencion residencial medicalizada de tipo general (excepto actividades de promocion y prevencion que realicen las entidades e instituciones promotoras y prestadoras de servicios de salud de naturaleza publica o privada, con recursos que provengan del Sistema General de Seguridad Social en Salud.)','A',NULL,NULL,NULL),(549,'92001','Actividades de juegos de destreza, habilidad, conocimiento y fuerza','A',NULL,NULL,NULL),(550,'93291','Otras actividades recreativas y de esparcimiento n.c.p. (excepto juegos de suerte y azar, discotecas y similares )','A',NULL,NULL,NULL),(551,'5330','Servicio de pedido, compra, distribucion y entrega de productos a traves de plataformas o aplicaciones de contacto y que utilizan una red de domiciliarios','A',NULL,NULL,NULL);
/*!40000 ALTER TABLE `economicacts` ENABLE KEYS */;
UNLOCK TABLES;

--
-- Table structure for table `failed_jobs`
--

DROP TABLE IF EXISTS `failed_jobs`;
/*!40101 SET @saved_cs_client     = @@character_set_client */;
/*!50503 SET character_set_client = utf8mb4 */;
CREATE TABLE `failed_jobs` (
  `id` bigint(12) unsigned NOT NULL AUTO_INCREMENT,
  `connection` text COLLATE utf8mb4_unicode_ci NOT NULL,
  `queue` text COLLATE utf8mb4_unicode_ci NOT NULL,
  `payload` longtext COLLATE utf8mb4_unicode_ci NOT NULL,
  `exception` longtext COLLATE utf8mb4_unicode_ci NOT NULL,
  `failed_at` timestamp NOT NULL DEFAULT CURRENT_TIMESTAMP,
  PRIMARY KEY (`id`) USING BTREE
) ENGINE=InnoDB DEFAULT CHARSET=utf8mb4 COLLATE=utf8mb4_unicode_ci ROW_FORMAT=DYNAMIC;
/*!40101 SET character_set_client = @saved_cs_client */;

--
-- Dumping data for table `failed_jobs`
--

LOCK TABLES `failed_jobs` WRITE;
/*!40000 ALTER TABLE `failed_jobs` DISABLE KEYS */;
/*!40000 ALTER TABLE `failed_jobs` ENABLE KEYS */;
UNLOCK TABLES;

--
-- Table structure for table `fuelsshopcubitanks`
--

DROP TABLE IF EXISTS `fuelsshopcubitanks`;
/*!40101 SET @saved_cs_client     = @@character_set_client */;
/*!50503 SET character_set_client = utf8mb4 */;
CREATE TABLE `fuelsshopcubitanks` (
  `id` int(12) unsigned NOT NULL AUTO_INCREMENT,
  `cubt_idcompra` int(12) unsigned NOT NULL,
  `cubt_volumen` int(12) NOT NULL,
  `cubt_unidad` enum('LT','MC','GL') COLLATE latin1_spanish_ci NOT NULL COMMENT 'LT Litros, MC Metros Cubicos, GL Galones',
  `cubt_observaciones` text COLLATE latin1_spanish_ci,
  `cubt_estado` enum('A','I') COLLATE latin1_spanish_ci NOT NULL DEFAULT 'A',
  `id_user` int(12) unsigned NOT NULL,
  `created_at` timestamp NULL DEFAULT NULL,
  `updated_at` timestamp NULL DEFAULT NULL,
  `deleted_at` timestamp NULL DEFAULT NULL,
  PRIMARY KEY (`id`) USING BTREE,
  KEY `cubt_idcompra` (`cubt_idcompra`) USING BTREE,
  KEY `id_user` (`id_user`) USING BTREE,
  CONSTRAINT `fuelsshopcubitanks_ibfk_1` FOREIGN KEY (`cubt_idcompra`) REFERENCES `fuelsshopping` (`id`),
  CONSTRAINT `fuelsshopcubitanks_ibfk_2` FOREIGN KEY (`id_user`) REFERENCES `users` (`id`)
) ENGINE=InnoDB DEFAULT CHARSET=latin1 COLLATE=latin1_spanish_ci ROW_FORMAT=DYNAMIC;
/*!40101 SET character_set_client = @saved_cs_client */;

--
-- Dumping data for table `fuelsshopcubitanks`
--

LOCK TABLES `fuelsshopcubitanks` WRITE;
/*!40000 ALTER TABLE `fuelsshopcubitanks` DISABLE KEYS */;
/*!40000 ALTER TABLE `fuelsshopcubitanks` ENABLE KEYS */;
UNLOCK TABLES;

--
-- Table structure for table `fuelsshopping`
--

DROP TABLE IF EXISTS `fuelsshopping`;
/*!40101 SET @saved_cs_client     = @@character_set_client */;
/*!50503 SET character_set_client = utf8mb4 */;
CREATE TABLE `fuelsshopping` (
  `id` int(12) unsigned NOT NULL AUTO_INCREMENT,
  `id_supplier` int(12) NOT NULL,
  `id_user` int(12) unsigned NOT NULL,
  `ccmb_fechadescarga` date NOT NULL,
  `ccmb_numremision` varchar(30) COLLATE latin1_spanish_ci NOT NULL,
  `ccmb_volumen` int(12) unsigned NOT NULL,
  `ccmb_unidad` enum('LT','MC','GL') COLLATE latin1_spanish_ci NOT NULL COMMENT 'LT Litros, MC Metros Cubicos, GL Galones',
  `ccmb_vlrunidad` int(12) NOT NULL,
  `ccmb_observaciones` text COLLATE latin1_spanish_ci,
  `ccmb_estado` enum('A','I') COLLATE latin1_spanish_ci NOT NULL DEFAULT 'A',
  `created_at` timestamp NULL DEFAULT NULL,
  `updated_at` timestamp NULL DEFAULT NULL,
  `deleted_at` timestamp NULL DEFAULT NULL,
  PRIMARY KEY (`id`) USING BTREE,
  KEY `id_user` (`id_user`) USING BTREE,
  KEY `fk_fuelsshopping_suppliers1_idx` (`id_supplier`) USING BTREE,
  CONSTRAINT `fk_fuelsshopping_suppliers1` FOREIGN KEY (`id_supplier`) REFERENCES `suppliers` (`id`) ON DELETE NO ACTION ON UPDATE NO ACTION,
  CONSTRAINT `fuelsshopping_ibfk_1` FOREIGN KEY (`id_user`) REFERENCES `users` (`id`)
) ENGINE=InnoDB AUTO_INCREMENT=9 DEFAULT CHARSET=latin1 COLLATE=latin1_spanish_ci ROW_FORMAT=DYNAMIC COMMENT='Compras de Combustible';
/*!40101 SET character_set_client = @saved_cs_client */;

--
-- Dumping data for table `fuelsshopping`
--

LOCK TABLES `fuelsshopping` WRITE;
/*!40000 ALTER TABLE `fuelsshopping` DISABLE KEYS */;
INSERT INTO `fuelsshopping` VALUES (5,4,1,'2022-08-24','0707',950,'GL',90000,'950 a 90.000','A','2022-08-24 21:29:58','2022-09-13 19:19:27',NULL),(6,4,1,'2022-08-25','4567',1000,'GL',30000,NULL,'A','2022-08-25 21:29:58','2022-09-13 19:19:46',NULL),(7,4,1,'2022-09-05','8181',1000,'GL',25000,'bien barato a 25.','A','2022-09-05 14:36:59','2022-09-13 22:54:38',NULL),(8,4,1,'2022-09-13','9913',1200,'GL',80000,'a 80.000 1.200 gal','A','2022-09-13 19:36:45','2022-09-13 19:36:45',NULL);
/*!40000 ALTER TABLE `fuelsshopping` ENABLE KEYS */;
UNLOCK TABLES;

--
-- Table structure for table `machines`
--

DROP TABLE IF EXISTS `machines`;
/*!40101 SET @saved_cs_client     = @@character_set_client */;
/*!50503 SET character_set_client = utf8mb4 */;
CREATE TABLE `machines` (
  `id` int(12) unsigned NOT NULL AUTO_INCREMENT,
  `id_user` int(12) unsigned NOT NULL,
  `maqn_tipo` int(12) unsigned NOT NULL,
  `maqn_idunidad` int(12) unsigned NOT NULL,
  `maqn_placa` varchar(12) COLLATE latin1_spanish_ci DEFAULT '',
  `maqn_cubicaje` int(12) unsigned NOT NULL,
  `maqn_obs` text COLLATE latin1_spanish_ci,
  `maqn_estado` enum('A','I') COLLATE latin1_spanish_ci NOT NULL DEFAULT 'A',
  `nuip` varchar(14) COLLATE latin1_spanish_ci DEFAULT NULL,
  `name_complete` varchar(45) COLLATE latin1_spanish_ci NOT NULL,
  `created_at` timestamp NULL DEFAULT NULL,
  `updated_at` timestamp NULL DEFAULT NULL,
  `deleted_at` timestamp NULL DEFAULT NULL,
  PRIMARY KEY (`id`) USING BTREE,
  UNIQUE KEY `maqn_placa` (`maqn_placa`) USING BTREE,
  KEY `maqn_tipo` (`maqn_tipo`) USING BTREE,
  KEY `id_user` (`id_user`) USING BTREE,
  KEY `machines_ibfk_3_idx` (`maqn_idunidad`) USING BTREE,
  CONSTRAINT `machines_ibfk_1` FOREIGN KEY (`maqn_tipo`) REFERENCES `machinestypes` (`id`),
  CONSTRAINT `machines_ibfk_2` FOREIGN KEY (`id_user`) REFERENCES `users` (`id`),
  CONSTRAINT `machines_ibfk_3` FOREIGN KEY (`maqn_idunidad`) REFERENCES `units` (`id`) ON DELETE NO ACTION ON UPDATE NO ACTION
) ENGINE=InnoDB AUTO_INCREMENT=23 DEFAULT CHARSET=latin1 COLLATE=latin1_spanish_ci ROW_FORMAT=DYNAMIC COMMENT='Maquinas';
/*!40101 SET character_set_client = @saved_cs_client */;

--
-- Dumping data for table `machines`
--

LOCK TABLES `machines` WRITE;
/*!40000 ALTER TABLE `machines` DISABLE KEYS */;
INSERT INTO `machines` VALUES (1,1,3,1,'ADG2345',300,'DD DCCPPD 01','A',NULL,'','2022-04-06 12:57:21','2022-04-24 03:48:40',NULL),(2,1,1,2,'WWW123',2000,'PRUEBA','A','1321321321','JUAN CEREZO','2022-04-06 12:54:52','2022-04-06 17:54:52',NULL),(3,1,1,1,'DTW597',3000,'PRUEBA','A',NULL,'','2022-04-06 17:05:13','2022-04-06 17:05:13',NULL),(4,1,1,2,'BBB123',2000,'PRUEBA','A',NULL,'','2022-04-06 17:21:11','2022-04-06 17:21:11',NULL),(5,1,1,2,'CCC123',2000,'PRUEBA','A',NULL,'','2022-04-06 17:27:57','2022-04-06 17:27:57',NULL),(6,1,1,2,'DDD123',2000,'PRUEBA','A',NULL,'','2022-04-06 17:35:35','2022-04-06 17:35:35',NULL),(7,1,1,2,'AAA123',2000,'PRUEBA','I',NULL,'','2022-04-06 17:53:15','2022-04-28 02:50:13',NULL),(8,1,1,2,'OOO123',2000,'PRUEBA','I',NULL,'','2022-04-06 12:55:26','2022-04-28 02:49:21',NULL),(9,1,1,1,'abc543',2,'ww','A',NULL,'','2022-04-06 18:00:58','2022-04-06 18:00:58',NULL),(10,1,4,1,'FGFG456',100,'TEST','A',NULL,'','2022-05-16 03:04:25','2022-05-16 03:04:25',NULL),(11,1,3,2,'svs46d',100,'TEST 04/06/2022','A',NULL,'','2022-06-05 01:35:29','2022-06-05 01:35:29',NULL),(13,1,3,2,'svs46dd',100,'TEST 04/06/2022','A',NULL,'','2022-06-05 01:36:18','2022-06-05 01:36:18',NULL),(15,1,3,2,'svs46ddh',100,'TEST 04/06/2022','A',NULL,'','2022-06-05 01:37:53','2022-06-05 01:37:53',NULL),(16,1,3,2,'svs46ddh6',100,'TEST 04/06/2022','A',NULL,'','2022-06-05 01:38:49','2022-06-05 01:38:49',NULL),(17,1,11,2,'DFDF41',200,'TEST - DFDF41','A','1113663158','jEFRI ALEXANDER mARTINEZ aLVAREZ','2022-06-06 05:52:47','2022-06-06 05:52:47',NULL),(18,1,10,2,'DSF365F',150,'TEST','A','113663246','JUAN RODRIGUEZ PEREZ','2022-06-08 08:27:27','2022-06-08 08:33:37',NULL),(19,1,1,2,'95984fd',300,'BOLQUETA','A','345464','BRAYAN ROBLEDO','2022-06-09 01:53:00','2022-06-09 01:53:00',NULL),(20,1,10,2,'32556sa',1000,'TEST 10/06/2022','A','123123123','cESAR GAVIRIA','2022-06-11 00:57:47','2022-06-11 01:00:01',NULL),(21,1,7,1,'SVS47G',4000,NULL,'A','1234545','jUAN GONZALEZ','2022-08-12 05:08:01','2022-08-12 05:08:01',NULL),(22,1,6,2,'lol572',300,'volqueta nueva mujer conduce','A','60325761','maria eusse','2022-08-24 14:18:29','2022-08-24 14:18:29',NULL);
/*!40000 ALTER TABLE `machines` ENABLE KEYS */;
UNLOCK TABLES;

--
-- Table structure for table `machinesmov`
--

DROP TABLE IF EXISTS `machinesmov`;
/*!40101 SET @saved_cs_client     = @@character_set_client */;
/*!50503 SET character_set_client = utf8mb4 */;
CREATE TABLE `machinesmov` (
  `id` int(12) unsigned NOT NULL AUTO_INCREMENT,
  `mqmv_idmaquina` int(12) unsigned NOT NULL,
  `mqmv_fecha` date NOT NULL,
  `mqmv_hinicio` time DEFAULT NULL,
  `mqmv_hfin` time DEFAULT NULL,
  `horometro_hinicio` varchar(10) DEFAULT NULL,
  `horometro_hfinal` varchar(10) DEFAULT NULL,
  `mqmv_vlrhora` varchar(10) NOT NULL,
  `mqmv_estado` enum('A','I') CHARACTER SET latin1 COLLATE latin1_spanish_ci NOT NULL DEFAULT 'A',
  `mqmv_obs` text CHARACTER SET latin1 COLLATE latin1_spanish_ci,
  `id_user` int(12) unsigned NOT NULL,
  `created_at` timestamp NULL DEFAULT NULL,
  `updated_at` timestamp NULL DEFAULT NULL,
  `deleted_at` timestamp NULL DEFAULT NULL,
  PRIMARY KEY (`id`) USING BTREE,
  KEY `mqmv_codmaquina` (`mqmv_idmaquina`) USING BTREE,
  KEY `id_user` (`id_user`) USING BTREE,
  CONSTRAINT `machinesmov_ibfk_1` FOREIGN KEY (`mqmv_idmaquina`) REFERENCES `machines` (`id`),
  CONSTRAINT `machinesmov_ibfk_2` FOREIGN KEY (`id_user`) REFERENCES `users` (`id`)
) ENGINE=InnoDB AUTO_INCREMENT=31 DEFAULT CHARSET=koi8u ROW_FORMAT=DYNAMIC;
/*!40101 SET character_set_client = @saved_cs_client */;

--
-- Dumping data for table `machinesmov`
--

LOCK TABLES `machinesmov` WRITE;
/*!40000 ALTER TABLE `machinesmov` DISABLE KEYS */;
INSERT INTO `machinesmov` VALUES (1,1,'2022-08-12','15:25:00','16:26:00',NULL,NULL,'3000','A',NULL,2,'2022-07-23 01:25:40','2022-07-23 02:20:06',NULL),(2,3,'2022-07-22',NULL,NULL,'12365','12164','400000','I',NULL,2,'2022-07-23 01:26:01','2022-07-23 02:24:20',NULL),(3,1,'2022-08-02',NULL,NULL,'100','50000','1','A',NULL,2,'2022-08-02 23:51:46','2022-08-03 00:19:12',NULL),(4,1,'2022-08-05',NULL,NULL,'1000','1500','1000','A','tst',1,'2022-08-06 00:22:57','2022-08-06 00:22:57',NULL),(5,2,'2022-08-05','14:27:00','16:29:00',NULL,NULL,'10000','A','test2',1,'2022-08-06 00:28:07','2022-08-06 00:28:07',NULL),(6,9,'2022-08-05',NULL,NULL,'1000','1500','1','A',NULL,1,'2022-08-06 00:55:30','2022-08-06 00:56:59',NULL),(7,4,'2022-08-05',NULL,NULL,'4000','5000','10000','A',NULL,1,'2022-08-06 01:02:33','2022-08-06 01:02:33',NULL),(8,2,'2022-08-09',NULL,NULL,'1000','2000','10000','A',NULL,1,'2022-08-09 06:37:06','2022-08-09 06:37:06',NULL),(9,3,'2022-08-09',NULL,NULL,'1000','3000','5000','A','test 5000',1,'2022-08-09 06:37:38','2022-08-09 06:37:38',NULL),(10,3,'2022-08-17',NULL,NULL,'12.4','45.45','1030','A',NULL,1,'2022-08-17 05:54:01','2022-08-17 05:54:01',NULL),(11,22,'2022-08-21','09:30:00','11:33:00',NULL,NULL,'80000','A','2 h 3 mini 0.05 h',1,'2022-08-24 14:30:15','2022-08-24 14:30:15',NULL),(12,22,'2022-08-24',NULL,NULL,'1000.5','1010.3','75000','A','9.8 h * 75000',1,'2022-08-24 14:31:02','2022-08-24 14:31:02',NULL),(13,22,'2022-08-24',NULL,NULL,'1008.5','1011.8','60000','A','3.3   * 60.000',1,'2022-08-24 15:01:25','2022-08-24 15:01:25',NULL),(14,22,'2022-09-05',NULL,NULL,'1200','1208,8','78000','A','CON DECIMALES',1,'2022-09-05 14:23:22','2022-09-05 14:23:22',NULL),(15,22,'2022-09-05','08:00:00','09:55:00',NULL,NULL,'78900','A','CON RELOJ',1,'2022-09-05 14:29:28','2022-09-05 14:29:28',NULL),(16,22,'2022-09-09','09:30:00','11:33:00',NULL,NULL,'80000','A','2 h 3 mini 0.05 h',1,'2022-08-24 14:30:15','2022-08-24 14:30:15',NULL),(17,22,'2022-09-10',NULL,NULL,'1000.5','1010.3','75000','A','9.8 h * 75000',1,'2022-08-24 14:31:02','2022-08-24 14:31:02',NULL),(18,22,'2022-09-11',NULL,NULL,'1008.5','1011.8','60000','A','3.3   * 60.000',1,'2022-08-24 15:01:25','2022-08-24 15:01:25',NULL),(19,22,'2022-09-12',NULL,NULL,'1200','1208,8','78000','A','CON DECIMALES',1,'2022-09-05 14:23:22','2022-09-05 14:23:22',NULL),(20,22,'2022-09-13','08:00:00','09:55:00',NULL,NULL,'78900','A','CON RELOJ',1,'2022-09-05 14:29:28','2022-09-05 14:29:28',NULL),(21,22,'2022-09-14','09:30:00','11:33:00',NULL,NULL,'80000','A','2 h 3 mini 0.05 h',1,'2022-08-24 14:30:15','2022-08-24 14:30:15',NULL),(22,22,'2022-09-15',NULL,NULL,'1000.5','1010.3','75000','A','9.8 h * 75000',1,'2022-08-24 14:31:02','2022-08-24 14:31:02',NULL),(23,22,'2022-09-16',NULL,NULL,'1008.5','1011.8','60000','A','3.3   * 60.000',1,'2022-08-24 15:01:25','2022-08-24 15:01:25',NULL),(24,22,'2022-09-17',NULL,NULL,'1200','1208,8','78000','A','CON DECIMALES',1,'2022-09-05 14:23:22','2022-09-05 14:23:22',NULL),(25,22,'2022-09-18','08:00:00','09:55:00',NULL,NULL,'78900','A','CON RELOJ',1,'2022-09-05 14:29:28','2022-09-05 14:29:28',NULL),(26,22,'2022-09-18','09:30:00','11:33:00',NULL,NULL,'80000','A','2 h 3 mini 0.05 h',1,'2022-08-24 14:30:15','2022-08-24 14:30:15',NULL),(27,22,'2022-09-19',NULL,NULL,'1000.5','1010.3','75000','A','9.8 h * 75000',1,'2022-08-24 14:31:02','2022-08-24 14:31:02',NULL),(28,22,'2022-09-19',NULL,NULL,'1008.5','1011.8','60000','I','3.3   * 60.000',1,'2022-08-24 15:01:25','2022-09-13 21:41:57',NULL),(29,22,'2022-09-20',NULL,NULL,'1200','1208,8','78000','A','CON DECIMALES',1,'2022-09-05 14:23:22','2022-09-05 14:23:22',NULL),(30,22,'2022-09-20','08:00:00','09:55:00',NULL,NULL,'78900','A','CON RELOJ',1,'2022-09-05 14:29:28','2022-09-05 14:29:28',NULL);
/*!40000 ALTER TABLE `machinesmov` ENABLE KEYS */;
UNLOCK TABLES;

--
-- Table structure for table `machinesobs`
--

DROP TABLE IF EXISTS `machinesobs`;
/*!40101 SET @saved_cs_client     = @@character_set_client */;
/*!50503 SET character_set_client = utf8mb4 */;
CREATE TABLE `machinesobs` (
  `id` int(12) unsigned NOT NULL AUTO_INCREMENT,
  `mqdt_idmaquina` int(12) unsigned NOT NULL,
  `mqdt_fecha` date NOT NULL,
  `mqdt_obs` text COLLATE latin1_spanish_ci NOT NULL,
  `mqdt_estado` enum('A','I') COLLATE latin1_spanish_ci NOT NULL DEFAULT 'A',
  `id_user` int(12) unsigned NOT NULL,
  `created_at` timestamp NULL DEFAULT NULL,
  `updated_at` timestamp NULL DEFAULT NULL,
  `deleted_at` timestamp NULL DEFAULT NULL,
  PRIMARY KEY (`id`) USING BTREE,
  KEY `mqdt_codmaquina` (`mqdt_idmaquina`) USING BTREE,
  KEY `id_user` (`id_user`) USING BTREE,
  CONSTRAINT `machinesobs_ibfk_1` FOREIGN KEY (`mqdt_idmaquina`) REFERENCES `machines` (`id`),
  CONSTRAINT `machinesobs_ibfk_2` FOREIGN KEY (`id_user`) REFERENCES `users` (`id`)
) ENGINE=InnoDB AUTO_INCREMENT=13 DEFAULT CHARSET=latin1 COLLATE=latin1_spanish_ci ROW_FORMAT=DYNAMIC;
/*!40101 SET character_set_client = @saved_cs_client */;

--
-- Dumping data for table `machinesobs`
--

LOCK TABLES `machinesobs` WRITE;
/*!40000 ALTER TABLE `machinesobs` DISABLE KEYS */;
INSERT INTO `machinesobs` VALUES (1,2,'2022-08-12','PARO1','A',1,'2022-08-12 06:33:12','2022-08-12 06:33:12',NULL),(2,1,'2022-08-12','Falle en el arrastre1','A',1,'2022-08-12 07:40:02','2022-08-12 07:40:02',NULL),(3,1,'2022-08-12','1Barada','A',1,'2022-08-12 07:40:57','2022-08-12 07:40:57',NULL),(4,22,'2022-08-24','1estaba con dolor de cabeza y se fue a las 11:33','A',1,'2022-08-24 14:33:13','2022-08-24 14:33:13',NULL),(5,22,'2022-09-05','Se ausenta por migraña1','A',1,'2022-09-05 14:52:18','2022-09-05 14:52:18',NULL),(6,1,'2022-09-05','tiene gripa1','A',1,'2022-09-05 14:52:40','2022-09-05 14:52:40',NULL),(7,22,'2022-08-12','PARO','A',1,'2022-08-12 06:33:12','2022-08-12 06:33:12',NULL),(8,22,'2022-08-12','Falle en el arrastre','A',1,'2022-08-12 07:40:02','2022-08-12 07:40:02',NULL),(9,22,'2022-08-12','Barada','A',1,'2022-08-12 07:40:57','2022-08-12 07:40:57',NULL),(10,22,'2022-08-24','estaba con dolor de cabeza y se fue a las 11:33','A',1,'2022-08-24 14:33:13','2022-08-24 14:33:13',NULL),(11,22,'2022-09-05','Se ausenta por migraña','A',1,'2022-09-05 14:52:18','2022-09-05 14:52:18',NULL),(12,22,'2022-09-05','tiene gripa','A',1,'2022-09-05 14:52:40','2022-09-05 14:52:40',NULL);
/*!40000 ALTER TABLE `machinesobs` ENABLE KEYS */;
UNLOCK TABLES;

--
-- Table structure for table `machinespayments`
--

DROP TABLE IF EXISTS `machinespayments`;
/*!40101 SET @saved_cs_client     = @@character_set_client */;
/*!50503 SET character_set_client = utf8mb4 */;
CREATE TABLE `machinespayments` (
  `id` int(12) unsigned NOT NULL AUTO_INCREMENT,
  `mqpg_idmaquina` int(12) unsigned NOT NULL,
  `mqpg_fecha` date NOT NULL,
  `mqpg_concepto` int(2) unsigned NOT NULL,
  `mqpg_vlrpagado` int(12) unsigned NOT NULL,
  `mqpg_obs` text COLLATE latin1_spanish_ci,
  `mqpg_estado` enum('A','I') COLLATE latin1_spanish_ci NOT NULL DEFAULT 'A',
  `id_user` int(12) unsigned NOT NULL,
  `created_at` timestamp NULL DEFAULT NULL,
  `updated_at` timestamp NULL DEFAULT NULL,
  `deleted_at` timestamp NULL DEFAULT NULL,
  PRIMARY KEY (`id`) USING BTREE,
  KEY `mqpg_codmaquina` (`mqpg_idmaquina`) USING BTREE,
  KEY `id_user` (`id_user`) USING BTREE,
  KEY `mqpg_concepto` (`mqpg_concepto`) USING BTREE,
  CONSTRAINT `machinespayments_ibfk_1` FOREIGN KEY (`mqpg_idmaquina`) REFERENCES `machines` (`id`),
  CONSTRAINT `machinespayments_ibfk_2` FOREIGN KEY (`mqpg_concepto`) REFERENCES `conceptspayments` (`id`),
  CONSTRAINT `machinespayments_ibfk_3` FOREIGN KEY (`id_user`) REFERENCES `users` (`id`)
) ENGINE=InnoDB AUTO_INCREMENT=7 DEFAULT CHARSET=latin1 COLLATE=latin1_spanish_ci ROW_FORMAT=DYNAMIC COMMENT='Pagos a maquinas';
/*!40101 SET character_set_client = @saved_cs_client */;

--
-- Dumping data for table `machinespayments`
--

LOCK TABLES `machinespayments` WRITE;
/*!40000 ALTER TABLE `machinespayments` DISABLE KEYS */;
INSERT INTO `machinespayments` VALUES (1,1,'2022-08-12',1,30000,'Viaticos de palmira a cali','A',1,'2022-08-12 06:34:40','2022-08-12 06:34:40',NULL),(2,2,'2022-08-12',2,12000,'pinchada','A',1,'2022-08-12 06:34:53','2022-08-12 06:34:53',NULL),(3,22,'2022-08-24',1,30000,'almuerzos','A',1,'2022-08-24 14:32:05','2022-08-24 14:32:05',NULL),(4,22,'2022-08-24',2,10000,'para las pastillas dolor de cabeza','A',1,'2022-08-24 14:34:20','2022-08-24 14:34:20',NULL),(5,22,'2022-09-05',1,50000,'auxilio autorizado almuerzo semana','A',1,'2022-09-05 14:53:13','2022-09-05 14:53:13',NULL),(6,3,'2022-09-05',1,20000,'para ver que pasa 20000','A',1,'2022-09-05 14:55:37','2022-09-05 14:55:37',NULL);
/*!40000 ALTER TABLE `machinespayments` ENABLE KEYS */;
UNLOCK TABLES;

--
-- Table structure for table `machinestypes`
--

DROP TABLE IF EXISTS `machinestypes`;
/*!40101 SET @saved_cs_client     = @@character_set_client */;
/*!50503 SET character_set_client = utf8mb4 */;
CREATE TABLE `machinestypes` (
  `id` int(12) unsigned NOT NULL AUTO_INCREMENT,
  `tmaq_nombre` varchar(100) COLLATE latin1_spanish_ci NOT NULL,
  `tmaq_estado` enum('A','I') COLLATE latin1_spanish_ci NOT NULL DEFAULT 'A',
  `created_at` timestamp NULL DEFAULT NULL,
  `updated_at` timestamp NULL DEFAULT NULL,
  `deleted_at` timestamp NULL DEFAULT NULL,
  PRIMARY KEY (`id`) USING BTREE
) ENGINE=InnoDB AUTO_INCREMENT=15 DEFAULT CHARSET=latin1 COLLATE=latin1_spanish_ci ROW_FORMAT=DYNAMIC;
/*!40101 SET character_set_client = @saved_cs_client */;

--
-- Dumping data for table `machinestypes`
--

LOCK TABLES `machinestypes` WRITE;
/*!40000 ALTER TABLE `machinestypes` DISABLE KEYS */;
INSERT INTO `machinestypes` VALUES (1,'Buldozer','I',NULL,'2022-04-19 09:37:50',NULL),(2,'Cargador','A',NULL,'2022-04-19 09:45:45',NULL),(3,'Retroexcavadora','A',NULL,NULL,NULL),(4,'Planta','A',NULL,NULL,NULL),(5,'Trituradora','A',NULL,NULL,NULL),(6,'Volqueta','A',NULL,NULL,NULL),(7,'Cubitanque','I',NULL,'2022-04-28 02:51:30',NULL),(8,'Operador','I',NULL,'2022-04-28 02:51:22',NULL),(9,'Trituradora de roca','A','2022-04-23 09:58:56','2022-04-23 09:58:56',NULL),(10,'Trituradora de acero','A','2022-04-23 10:00:56','2022-04-23 10:00:56',NULL),(11,'CARGA','A','2022-04-23 12:35:07','2022-06-09 01:54:51',NULL),(12,'Cosechadora','A','2022-06-05 09:51:15','2022-06-05 09:51:15',NULL),(13,'Tractor 01','A','2022-06-08 08:33:59','2022-06-08 08:34:11',NULL),(14,'alzadora','A','2022-06-09 01:56:08','2022-06-09 01:56:08',NULL);
/*!40000 ALTER TABLE `machinestypes` ENABLE KEYS */;
UNLOCK TABLES;

--
-- Table structure for table `materials`
--

DROP TABLE IF EXISTS `materials`;
/*!40101 SET @saved_cs_client     = @@character_set_client */;
/*!50503 SET character_set_client = utf8mb4 */;
CREATE TABLE `materials` (
  `id` int(12) unsigned NOT NULL AUTO_INCREMENT,
  `mate_codigo` varchar(20) COLLATE latin1_spanish_ci NOT NULL,
  `mate_descripcion` varchar(100) COLLATE latin1_spanish_ci NOT NULL,
  `mate_estado` enum('A','I') COLLATE latin1_spanish_ci NOT NULL DEFAULT 'A',
  `id_user` int(12) unsigned NOT NULL,
  `created_at` timestamp NULL DEFAULT NULL,
  `updated_at` timestamp NULL DEFAULT NULL,
  `deleted_at` timestamp NULL DEFAULT NULL,
  PRIMARY KEY (`id`) USING BTREE,
  KEY `id_user` (`id_user`) USING BTREE,
  CONSTRAINT `materials_ibfk_1` FOREIGN KEY (`id_user`) REFERENCES `users` (`id`)
) ENGINE=InnoDB AUTO_INCREMENT=9 DEFAULT CHARSET=latin1 COLLATE=latin1_spanish_ci ROW_FORMAT=DYNAMIC;
/*!40101 SET character_set_client = @saved_cs_client */;

--
-- Dumping data for table `materials`
--

LOCK TABLES `materials` WRITE;
/*!40000 ALTER TABLE `materials` DISABLE KEYS */;
INSERT INTO `materials` VALUES (1,'','GRAVILLA MT','A',1,'2022-02-12 22:59:57',NULL,NULL),(2,'','ARENA MT','A',1,'2022-02-13 10:48:07',NULL,NULL),(3,'','CEMENTO','I',1,'2022-02-13 10:48:26','2022-04-28 02:36:39',NULL),(4,'','pruba','I',1,'2022-04-23 09:54:21','2022-07-23 20:49:24',NULL),(5,'','test2','A',1,'2022-04-23 09:56:23','2022-07-23 20:49:03',NULL),(6,'','CEMENTO 01 MT','A',1,'2022-06-08 08:25:45','2022-06-08 08:25:53',NULL),(7,'','OROMT','A',1,'2022-06-09 01:42:32','2022-07-23 20:09:19',NULL),(8,'NUEVO','NUEVECITO','A',1,'2022-09-07 16:09:44','2022-09-07 16:09:44',NULL);
/*!40000 ALTER TABLE `materials` ENABLE KEYS */;
UNLOCK TABLES;

--
-- Table structure for table `model_has_permissions`
--

DROP TABLE IF EXISTS `model_has_permissions`;
/*!40101 SET @saved_cs_client     = @@character_set_client */;
/*!50503 SET character_set_client = utf8mb4 */;
CREATE TABLE `model_has_permissions` (
  `id` int(12) NOT NULL AUTO_INCREMENT,
  `permission_id` bigint(12) unsigned NOT NULL,
  `model_type` varchar(100) COLLATE utf8mb4_unicode_ci NOT NULL,
  `model_id` bigint(12) unsigned NOT NULL,
  PRIMARY KEY (`id`) USING BTREE
) ENGINE=InnoDB DEFAULT CHARSET=utf8mb4 COLLATE=utf8mb4_unicode_ci ROW_FORMAT=DYNAMIC;
/*!40101 SET character_set_client = @saved_cs_client */;

--
-- Dumping data for table `model_has_permissions`
--

LOCK TABLES `model_has_permissions` WRITE;
/*!40000 ALTER TABLE `model_has_permissions` DISABLE KEYS */;
/*!40000 ALTER TABLE `model_has_permissions` ENABLE KEYS */;
UNLOCK TABLES;

--
-- Table structure for table `model_has_roles`
--

DROP TABLE IF EXISTS `model_has_roles`;
/*!40101 SET @saved_cs_client     = @@character_set_client */;
/*!50503 SET character_set_client = utf8mb4 */;
CREATE TABLE `model_has_roles` (
  `id` int(12) NOT NULL AUTO_INCREMENT,
  `role_id` bigint(12) unsigned NOT NULL,
  `model_type` varchar(100) COLLATE utf8mb4_unicode_ci NOT NULL,
  `model_id` bigint(12) unsigned NOT NULL,
  PRIMARY KEY (`id`) USING BTREE
) ENGINE=InnoDB AUTO_INCREMENT=3 DEFAULT CHARSET=utf8mb4 COLLATE=utf8mb4_unicode_ci ROW_FORMAT=DYNAMIC;
/*!40101 SET character_set_client = @saved_cs_client */;

--
-- Dumping data for table `model_has_roles`
--

LOCK TABLES `model_has_roles` WRITE;
/*!40000 ALTER TABLE `model_has_roles` DISABLE KEYS */;
INSERT INTO `model_has_roles` VALUES (1,1,'App\\Models\\Admin\\User',1),(2,2,'App\\Models\\Admin\\User',2);
/*!40000 ALTER TABLE `model_has_roles` ENABLE KEYS */;
UNLOCK TABLES;

--
-- Table structure for table `password_resets`
--

DROP TABLE IF EXISTS `password_resets`;
/*!40101 SET @saved_cs_client     = @@character_set_client */;
/*!50503 SET character_set_client = utf8mb4 */;
CREATE TABLE `password_resets` (
  `id` bigint(12) NOT NULL AUTO_INCREMENT,
  `email` varchar(255) COLLATE utf8mb4_unicode_ci NOT NULL,
  `token` varchar(255) COLLATE utf8mb4_unicode_ci NOT NULL,
  `created_at` timestamp NULL DEFAULT NULL,
  PRIMARY KEY (`id`) USING BTREE,
  KEY `password_resets_email_index` (`email`(191)) USING BTREE
) ENGINE=InnoDB DEFAULT CHARSET=utf8mb4 COLLATE=utf8mb4_unicode_ci ROW_FORMAT=DYNAMIC;
/*!40101 SET character_set_client = @saved_cs_client */;

--
-- Dumping data for table `password_resets`
--

LOCK TABLES `password_resets` WRITE;
/*!40000 ALTER TABLE `password_resets` DISABLE KEYS */;
/*!40000 ALTER TABLE `password_resets` ENABLE KEYS */;
UNLOCK TABLES;

--
-- Table structure for table `permissions`
--

DROP TABLE IF EXISTS `permissions`;
/*!40101 SET @saved_cs_client     = @@character_set_client */;
/*!50503 SET character_set_client = utf8mb4 */;
CREATE TABLE `permissions` (
  `id` bigint(12) NOT NULL AUTO_INCREMENT,
  `name` varchar(100) NOT NULL,
  `guard_name` varchar(100) NOT NULL,
  `created_at` timestamp NULL DEFAULT NULL,
  `updated_at` timestamp NULL DEFAULT NULL,
  `deleted_at` timestamp NULL DEFAULT NULL,
  PRIMARY KEY (`id`) USING BTREE
) ENGINE=InnoDB AUTO_INCREMENT=46 DEFAULT CHARSET=utf8 ROW_FORMAT=DYNAMIC;
/*!40101 SET character_set_client = @saved_cs_client */;

--
-- Dumping data for table `permissions`
--

LOCK TABLES `permissions` WRITE;
/*!40000 ALTER TABLE `permissions` DISABLE KEYS */;
INSERT INTO `permissions` VALUES (1,'Lista de permisos','web','2022-07-01 05:35:01','2022-07-01 05:35:01',NULL),(2,'Guardar permisos','web','2022-07-01 05:35:01','2022-07-01 05:35:01',NULL),(3,'Eliminar permisos','web','2022-07-01 05:35:01','2022-07-01 05:35:01',NULL),(4,'Lista de roles','web','2022-07-01 05:35:01','2022-07-01 05:35:01',NULL),(5,'Guardar roles','web','2022-07-01 05:35:01','2022-07-01 05:35:01',NULL),(6,'Eliminar roles','web','2022-07-01 05:35:01','2022-07-01 05:35:01',NULL),(7,'Lista de usuarios','web','2022-07-01 05:35:01','2022-07-01 05:35:01',NULL),(8,'Guardar usuarios','web','2022-07-01 05:35:01','2022-07-01 05:35:01',NULL),(9,'Eliminar usuarios','web','2022-07-01 05:35:01','2022-07-01 05:35:01',NULL),(18,'Formulario de usuarios','web','2022-07-01 05:35:01','2022-07-01 05:35:01',NULL),(19,'Formulario de permisos','web','2022-07-01 05:35:01','2022-07-01 05:35:01',NULL),(20,'Formulario de roles','web','2022-07-01 05:35:01','2022-07-01 05:35:01',NULL),(21,'Listado viaticos y otros','web','2022-07-01 05:35:01','2022-07-01 05:35:01',NULL),(22,'Formulario viaticos y otros','web','2022-07-01 05:35:01','2022-07-01 05:35:01',NULL),(23,'Guardar viaticos y otros','web','2022-07-01 05:35:01','2022-07-01 05:35:01',NULL),(24,'Eliminar viaticos y otros','web','2022-07-01 05:35:01','2022-07-01 05:35:01',NULL),(25,'Lista de Descarga de carrotanque','web','2022-07-01 05:35:01','2022-07-01 05:35:01',NULL),(26,'Formulario de Descarga de carrotanque','web','2022-07-01 05:35:01','2022-07-01 05:35:01',NULL),(27,'Guardar de Descarga de carrotanque','web','2022-07-01 05:35:01','2022-07-01 05:35:01',NULL),(28,'Eliminar de Descarga de carrotanque','web','2022-07-01 05:35:01','2022-07-01 05:35:01',NULL),(29,'Lista de carga de cubitanques','web','2022-07-01 05:35:01','2022-07-01 05:35:01',NULL),(30,'Formulario de carga de cubitanques','web','2022-07-01 05:35:01','2022-07-01 05:35:01',NULL),(31,'Guardar de carga de cubitanques','web','2022-07-01 05:35:01','2022-07-01 05:35:01',NULL),(32,'Eliminar de carga de cubitanques','web','2022-07-01 05:35:02','2022-07-01 05:35:02',NULL),(33,'Lista de máquinas de tanqueo','web','2022-07-01 05:35:02','2022-07-01 05:35:02',NULL),(34,'Formulario de máquinas de tanqueo','web','2022-07-01 05:35:02','2022-07-01 05:35:02',NULL),(35,'Guardar de máquinas de tanqueo','web','2022-07-01 05:35:02','2022-07-01 05:35:02',NULL),(36,'Eliminar de máquinas de tanqueo','web','2022-07-01 05:35:02','2022-07-01 05:35:02',NULL),(37,'Lista de movimiento de material','web','2022-07-01 05:35:02','2022-07-01 05:35:02',NULL),(38,'Formulario de movimiento de material','web','2022-07-01 05:35:02','2022-07-01 05:35:02',NULL),(39,'Guardar de movimiento de material','web','2022-07-01 05:35:02','2022-07-01 05:35:02',NULL),(40,'Eliminar de movimiento de material','web','2022-07-01 05:35:02','2022-07-01 05:35:02',NULL),(41,'Cambio de estado','web','2022-07-01 05:35:02','2022-07-01 05:35:02',NULL),(42,'Ver concepto de novedad de remisión','web','2022-07-01 05:35:02','2022-07-01 05:35:02',NULL),(43,'Eliminar un concepto de novedad de remisión','web','2022-07-01 05:35:02','2022-07-01 05:35:02',NULL),(44,'Crear un concepto de novedad de remisión','web','2022-07-01 05:35:02','2022-07-01 05:35:02',NULL),(45,'Editar un concepto de novedad de remisión','web','2022-07-01 05:35:02','2022-07-01 05:35:02',NULL);
/*!40000 ALTER TABLE `permissions` ENABLE KEYS */;
UNLOCK TABLES;

--
-- Table structure for table `persons`
--

DROP TABLE IF EXISTS `persons`;
/*!40101 SET @saved_cs_client     = @@character_set_client */;
/*!50503 SET character_set_client = utf8mb4 */;
CREATE TABLE `persons` (
  `id` int(12) unsigned NOT NULL AUTO_INCREMENT,
  `pers_identif` int(11) NOT NULL,
  `pers_tipoid` enum('CC','NIT') COLLATE latin1_spanish_ci NOT NULL DEFAULT 'CC',
  `pers_razonsocial` varchar(120) COLLATE latin1_spanish_ci DEFAULT '',
  `pers_primernombre` varchar(40) COLLATE latin1_spanish_ci DEFAULT '',
  `pers_segnombre` varchar(40) COLLATE latin1_spanish_ci DEFAULT '',
  `pers_primerapell` varchar(40) COLLATE latin1_spanish_ci DEFAULT '',
  `pers_segapell` varchar(40) COLLATE latin1_spanish_ci DEFAULT '',
  `pers_direccion` varchar(50) COLLATE latin1_spanish_ci DEFAULT '',
  `pers_telefono` varchar(50) COLLATE latin1_spanish_ci DEFAULT '',
  `ciud_id` int(12) unsigned NOT NULL,
  `dpto_id` int(12) unsigned NOT NULL,
  `pers_email` varchar(50) COLLATE latin1_spanish_ci DEFAULT '',
  `pers_estado` enum('A','I') COLLATE latin1_spanish_ci NOT NULL DEFAULT 'A',
  `id_user` int(12) unsigned NOT NULL,
  `created_at` timestamp NULL DEFAULT NULL,
  `updated_at` timestamp NULL DEFAULT NULL,
  `deleted_at` timestamp NULL DEFAULT NULL,
  PRIMARY KEY (`id`) USING BTREE,
  KEY `id_user` (`id_user`) USING BTREE,
  KEY `fk_persons_states1_idx` (`dpto_id`) USING BTREE,
  KEY `fk_persons_cities1_idx` (`ciud_id`) USING BTREE,
  CONSTRAINT `fk_persons_cities1` FOREIGN KEY (`ciud_id`) REFERENCES `cities` (`id`) ON DELETE NO ACTION ON UPDATE NO ACTION,
  CONSTRAINT `fk_persons_states1` FOREIGN KEY (`dpto_id`) REFERENCES `states` (`id`) ON DELETE NO ACTION ON UPDATE NO ACTION,
  CONSTRAINT `persons_ibfk_2` FOREIGN KEY (`id_user`) REFERENCES `users` (`id`)
) ENGINE=InnoDB AUTO_INCREMENT=52 DEFAULT CHARSET=latin1 COLLATE=latin1_spanish_ci ROW_FORMAT=DYNAMIC;
/*!40101 SET character_set_client = @saved_cs_client */;

--
-- Dumping data for table `persons`
--

LOCK TABLES `persons` WRITE;
/*!40000 ALTER TABLE `persons` DISABLE KEYS */;
INSERT INTO `persons` VALUES (1,1113663158,'CC','test1','Juan','Camilo','Benavidez','Mendez','Calle 5a -13-54','31646',34,1,'juan@gmail.com','A',1,'2022-04-16 02:08:37','2022-04-23 05:49:07',NULL),(2,111366352,'CC','test2','Juan','Camilo','Benavidez','Mendez','Calle 5 -13 28','31646',34,1,'juan@gmail.com','A',1,'2022-04-16 02:19:01','2022-04-23 05:48:58',NULL),(3,36549887,'CC','test3','José','Alex','Gonzales','Bermudez','Calle 5a -13-54','35781498',2,2,'alex@gmail.com','I',1,'2022-04-16 02:20:37','2022-04-26 02:21:45',NULL),(4,111,'CC','test4','Jhon','Edward','Zuñiga','Meledez','Calle 2|13 -25','35781498',722,24,'jhon@gmail.com','I',1,'2022-04-16 02:24:44','2022-04-28 02:19:25',NULL),(10,316485,'NIT','Bolaños S.A','','','','','Calle 5 -9 88','31646',1,1,'harby@gmail.com','A',1,'2022-04-16 02:37:28','2022-04-16 02:37:28',NULL),(11,316464,'CC','test5',NULL,'Alexis','Bolaños','Lopez','Calle 5 -9 88','31646',1,1,'harby@gmail.com','I',1,'2022-04-17 06:35:50','2022-04-28 02:28:24',NULL),(12,36549854,'CC','test6','José','Alex','Gonzales','Bermudez','Calle 5a -13-54','35781498',2,2,'jose@gmail.com','A',1,'2022-04-23 05:52:45','2022-04-23 05:52:45',NULL),(13,9546,'NIT','Ipia js',NULL,NULL,NULL,NULL,'Av 31 46 98','3156606987',3,3,'ipia@gmail.com','I',1,'2022-04-23 06:46:58','2022-04-23 06:46:58',NULL),(14,564778,'CC','test7','Gina',NULL,'Carisimo','Alvarez','Calle 55a -13-54','265874',198,2,'yina@gmail.com','I',1,'2022-04-23 06:59:38','2022-04-26 02:22:26',NULL),(15,1113663124,'CC','Mayaguez','David',NULL,'Velasquez','Lenis','Calle 1 6 95 -87','3665988',1,1,'mayaguez@gmail.com','A',1,'2022-04-23 07:07:38','2022-04-23 07:07:38',NULL),(16,1113663147,'CC','test8','David',NULL,'Velasquez','Lenis','Calle 1 6 95 -87','3665988',1,1,'mayaguez@gmail.com','I',1,'2022-04-23 07:10:05','2022-04-28 02:26:26',NULL),(17,316464,'CC','test9','lucas','Edwar','Benavidez','cEREZO','Calle 5 -13 36','26714568',3,3,'luca@gmail.com','I',1,'2022-04-23 13:53:43','2022-04-28 02:18:33',NULL),(18,599797,'NIT','Merca pava','','','','','Calle Av 12 95 -87','2657987',98,4,'mercapava@gmail.com','I',1,'2022-04-23 13:56:18','2022-04-28 02:17:20',NULL),(19,1251320010,'NIT','INGENIERIA GESTION Y DESARROLLO',NULL,NULL,NULL,NULL,'Calle 5 -9 87','43534554',1,1,'ing@gmail.com','I',1,'2022-04-24 02:37:39','2022-04-28 02:12:40',NULL),(20,1113663148,'CC','test10','JESUS','BRANDON','CANTILLO','SUAREZ','CALLE 54C # 50-31','3045359485',2,2,'brendon@gmail.com','A',1,'2022-04-24 03:17:40','2022-04-24 03:17:40',NULL),(21,1113663114,'CC','test1','JESUS','BRANDON','CANTILLO','SUAREZ','CALLE 54C # 50-31','3045359485',2,2,'brendon@gmail.com','I',1,'2022-04-24 03:19:05','2022-04-28 02:31:13',NULL),(27,136544656,'CC','RODRIGO  DUQUE RODRIGUEZ','rodrigo',NULL,'Duque','rodriguez',NULL,NULL,1,1,'rodrigo@gmail.com','A',1,'2022-05-10 06:01:49','2022-05-10 06:01:49',NULL),(28,1123546,'CC','LEONARDO  MANTILLA SANCHEZ','Leonardo',NULL,'mantilla','sanchez','Calle 7 14-65',NULL,198,2,'leonardo@gmail.com','A',1,'2022-05-16 01:25:00','2022-05-16 01:25:00',NULL),(29,316485,'CC','Bolaños S.A','','','','','Calle 5 -9 88','31646',1,1,'harby@gmail.com','A',1,'2022-06-08 02:33:55','2022-06-08 02:33:55',NULL),(30,316485,'CC','Bolaños S.A','','','','','Calle 5 -9 88','31646',1,1,'harby@gmail.com','A',1,'2022-06-08 02:35:17','2022-06-08 02:35:17',NULL),(31,316485,'CC','Bolaños S.A','','','','','Calle 5 -9 88','31646',1,1,'harby@gmail.com','A',1,'2022-06-08 02:35:27','2022-06-08 02:35:27',NULL),(32,316485,'CC','Bolaños S.A','','','','','Calle 5 -9 88','31646',1,1,'harby@gmail.com','A',1,'2022-06-08 02:36:20','2022-06-08 02:36:20',NULL),(33,316485,'CC','Bolaños S.A','','','','','Calle 5 -9 88','31646',1,1,'harby@gmail.com','A',1,'2022-06-08 02:36:34','2022-06-08 02:36:34',NULL),(34,316485,'CC','Bolaños S.A','','','','','Calle 5 -9 88','31646',1,1,'harby@gmail.com','A',1,'2022-06-08 02:36:56','2022-06-08 02:36:56',NULL),(35,316485,'CC','Bolaños S.A','','','','','Calle 5 -9 88','31646',1,1,'harby@gmail.com','A',1,'2022-06-08 02:40:36','2022-06-08 02:40:36',NULL),(36,316485,'CC','Bolaños S.A',NULL,NULL,NULL,NULL,'Calle 5 -9 88','31646',1,1,'harby@gmail.com','A',1,'2022-06-08 03:00:35','2022-06-08 03:00:35',NULL),(37,1113663114,'CC','test1','JESUS','BRANDON','CANTILLO','SUAREZ','CALLE 54C # 50-31','3045359485',2,2,'brendon@gmail.com','A',1,'2022-06-08 03:02:31','2022-06-08 03:02:31',NULL),(38,1113663147,'CC','test8','David',NULL,'Velasquez','Lenis','Calle 1 6 95 -87','3665988',1,1,'mayaguez@gmail.com','A',1,'2022-06-08 03:11:39','2022-06-08 03:11:39',NULL),(39,316464,'CC','test5',NULL,'Alexis','Bolaños','Lopez','Calle 5 -9 88','31646',1,1,'harby@gmail.com','A',1,'2022-06-08 03:14:01','2022-06-08 03:14:01',NULL),(40,3654987,'NIT','TELMEX test','','','','','Calle 7 14-63','3156607684',193,2,'TELMEX@GMAIL.COM','A',1,'2022-06-08 03:40:57','2022-06-08 04:10:09',NULL),(41,664654654,'NIT','Claro s.a','','','','','Calle 9 4-63','3156607684',193,2,'Claro@GMAIL.COM','A',1,'2022-06-08 04:18:53','2022-06-08 07:08:11',NULL),(42,1234546,'CC','STIVESON   RODRIGUEZ','STIVESON','','','RODRIGUE','','',1,1,'','A',1,'2022-06-08 04:53:58','2022-06-08 08:13:55',NULL),(43,14635148,'CC','PEDRO PABLO ALVAREZ MARTINEZ','PEDRO','PABLO','ALVAREZ','','CRA 17 10-54','365124554',1,1,'PEDROMARTINEZ@GMAIL.COM','A',1,'2022-06-08 07:36:43','2022-06-08 08:12:57',NULL),(44,321564987,'CC','jm televisión S.A',NULL,NULL,'jm',NULL,'Calle 91 4-63',NULL,36,1,'JM_TELEVISIÓN@GMAIL.COM','A',1,'2022-06-08 08:17:48','2022-06-08 08:24:23',NULL),(45,365141984,'CC','MARIA CAMILA MARTÍNEZ DIAZ','MARIA','CAMILA','MARTíNEZ','DIAZ','CALLE 8 -14 -25','',118,2,'','A',1,'2022-06-09 00:29:36','2022-06-09 00:47:47',NULL),(46,1113663154,'CC','JEFRI ALEXANDER MARTINEZ ALVAREZ','JEFRI','ALEXANDER','mARTINEZ','ALVAREZ','CALLE 4 7-41','3156607564',193,2,'JAMARTINEZ851@GMAIL.COM','A',1,'2022-06-09 00:57:01','2022-06-09 00:58:07',NULL),(47,123456789,'NIT','CONTRUCTORA LENIS',NULL,NULL,NULL,NULL,'Calle 3 14-65',NULL,2,2,'CONTRUCTORALENIS@GMAIL.COM','A',1,'2022-06-09 00:59:22','2022-06-09 01:05:23',NULL),(48,65649897,'NIT','HOMECENTER','','','','','CRA 41 4-54','',1,1,'HOMECENTER@GMAIL.COM','A',1,'2022-06-09 01:06:51','2022-06-09 01:06:51',NULL),(49,12131,'CC','BRIAN  TELLO','BRIAN','','TELLO','','','',1,1,'','A',1,'2022-06-09 01:07:42','2022-06-09 01:15:37',NULL),(50,6544597,'CC','LUCIANA  CAICEDO','Luciana',NULL,'caicedo',NULL,NULL,NULL,198,2,'luaciana@gmail.com','A',1,'2022-06-09 01:31:52','2022-06-09 01:31:52',NULL),(51,13464159,'CC','HAROLD  HERNANDEZ','HAROLD','','HERNANDEZ','','CALE 68','3157233004',2,2,'','A',1,'2022-08-24 00:38:46','2022-08-24 00:38:46',NULL);
/*!40000 ALTER TABLE `persons` ENABLE KEYS */;
UNLOCK TABLES;

--
-- Table structure for table `pricelists`
--

DROP TABLE IF EXISTS `pricelists`;
/*!40101 SET @saved_cs_client     = @@character_set_client */;
/*!50503 SET character_set_client = utf8mb4 */;
CREATE TABLE `pricelists` (
  `id` int(12) NOT NULL AUTO_INCREMENT,
  `id_material` int(12) unsigned NOT NULL,
  `id_user` int(12) unsigned NOT NULL,
  `id_obra` int(12) unsigned NOT NULL,
  `id_unmedida` int(12) unsigned NOT NULL,
  `precio` int(12) NOT NULL,
  `priceList_estado` enum('A','I') NOT NULL DEFAULT 'A',
  `iva` int(3) NOT NULL,
  `created_at` timestamp NULL DEFAULT NULL,
  `updated_at` timestamp NULL DEFAULT NULL,
  `deleted_at` timestamp NULL DEFAULT NULL,
  PRIMARY KEY (`id`) USING BTREE,
  UNIQUE KEY `indice1` (`id_material`,`id_obra`,`priceList_estado`) USING BTREE,
  KEY `fk_table1_materials1_idx` (`id_material`) USING BTREE,
  KEY `fk_table1_users1_idx` (`id_user`) USING BTREE,
  KEY `fk_table1_constructions1_idx` (`id_obra`) USING BTREE,
  KEY `fk_table1_units1_idx` (`id_unmedida`) USING BTREE,
  CONSTRAINT `fk_table1_constructions1` FOREIGN KEY (`id_obra`) REFERENCES `constructions` (`id`) ON DELETE NO ACTION ON UPDATE NO ACTION,
  CONSTRAINT `fk_table1_materials1` FOREIGN KEY (`id_material`) REFERENCES `materials` (`id`) ON DELETE NO ACTION ON UPDATE NO ACTION,
  CONSTRAINT `fk_table1_units1` FOREIGN KEY (`id_unmedida`) REFERENCES `units` (`id`) ON DELETE NO ACTION ON UPDATE NO ACTION,
  CONSTRAINT `fk_table1_users1` FOREIGN KEY (`id_user`) REFERENCES `users` (`id`) ON DELETE NO ACTION ON UPDATE NO ACTION
) ENGINE=InnoDB AUTO_INCREMENT=22 DEFAULT CHARSET=utf8 ROW_FORMAT=DYNAMIC;
/*!40101 SET character_set_client = @saved_cs_client */;

--
-- Dumping data for table `pricelists`
--

LOCK TABLES `pricelists` WRITE;
/*!40000 ALTER TABLE `pricelists` DISABLE KEYS */;
INSERT INTO `pricelists` VALUES (1,1,1,1,2,10000,'A',19,'2022-07-18 22:38:12','2022-07-18 22:38:12',NULL),(2,1,2,2,2,1000,'A',19,'2022-07-23 01:21:12','2022-07-23 01:21:12',NULL),(3,2,2,6,2,10000,'A',19,'2022-08-03 00:32:41','2022-08-03 00:32:41',NULL),(4,1,1,6,1,10,'A',19,'2022-08-09 07:47:04','2022-08-09 07:47:04',NULL),(5,2,1,2,2,100,'A',19,'2022-08-09 08:02:23','2022-08-09 08:02:23',NULL),(7,2,1,10,2,80000,'A',19,'2022-08-24 00:42:16','2022-08-24 00:42:16',NULL),(8,2,1,9,2,90000,'A',10,'2022-08-24 00:45:19','2022-08-24 00:45:19',NULL),(9,1,1,9,2,90000,'I',15,'2022-08-24 00:45:52','2022-08-24 00:46:06',NULL),(11,2,1,1,2,10000,'I',19,'2022-09-03 01:38:49','2022-09-03 01:43:20',NULL),(12,2,1,1,2,10000,'A',19,'2022-09-03 01:43:31','2022-09-03 01:43:31',NULL),(14,1,1,13,2,95000,'A',10,'2022-09-05 13:50:38','2022-09-05 13:50:38',NULL),(15,2,1,13,2,100000,'A',0,'2022-09-05 13:51:03','2022-09-05 13:51:03',NULL),(16,6,1,13,2,50000,'I',0,'2022-09-05 13:51:27','2022-09-05 13:53:22',NULL),(17,6,1,13,2,65700,'A',19,'2022-09-05 13:53:49','2022-09-05 13:53:49',NULL),(18,1,1,7,2,75000,'A',19,'2022-09-06 21:07:51','2022-09-06 21:07:51',NULL),(19,5,1,13,1,15000,'I',10,'2022-09-07 13:38:22','2022-09-07 13:38:44',NULL),(20,7,1,13,2,10000,'A',19,'2022-09-07 13:39:07','2022-09-08 14:40:11',NULL),(21,8,1,13,2,85900,'A',19,'2022-09-07 16:11:00','2022-09-08 13:56:45',NULL);
/*!40000 ALTER TABLE `pricelists` ENABLE KEYS */;
UNLOCK TABLES;

--
-- Table structure for table `productions`
--

DROP TABLE IF EXISTS `productions`;
/*!40101 SET @saved_cs_client     = @@character_set_client */;
/*!50503 SET character_set_client = utf8mb4 */;
CREATE TABLE `productions` (
  `id` int(12) unsigned NOT NULL AUTO_INCREMENT,
  `prod_idmaqdeposita` int(12) unsigned DEFAULT NULL,
  `prod_iddispositivo` int(12) unsigned DEFAULT NULL,
  `prod_idmateriaprima` int(12) unsigned DEFAULT NULL,
  `prod_idmaterial` int(12) unsigned DEFAULT NULL,
  `id_user` int(12) unsigned NOT NULL,
  `prod_fecha` date NOT NULL,
  `prod_numviajes` int(12) unsigned NOT NULL,
  `prod_cubicaje` int(12) unsigned NOT NULL,
  `prod_volumen` int(12) unsigned NOT NULL COMMENT 'prod_numviajes * prod_cubicaje',
  `prod_estado` enum('A','I') COLLATE latin1_spanish_ci NOT NULL DEFAULT 'A',
  `typeProduction` enum('I','E','S') COLLATE latin1_spanish_ci NOT NULL DEFAULT 'E',
  `created_at` timestamp NULL DEFAULT NULL,
  `updated_at` timestamp NULL DEFAULT NULL,
  `deleted_at` timestamp NULL DEFAULT NULL,
  PRIMARY KEY (`id`) USING BTREE,
  KEY `prod_idmaqdeposita` (`prod_idmaqdeposita`) USING BTREE,
  KEY `prod_coddispositivo` (`prod_iddispositivo`) USING BTREE,
  KEY `id_user` (`id_user`) USING BTREE,
  KEY `fk_productions_commodities1_idx` (`prod_idmateriaprima`) USING BTREE,
  CONSTRAINT `fk_productions_commodities1` FOREIGN KEY (`prod_idmateriaprima`) REFERENCES `commodities` (`id`) ON DELETE NO ACTION ON UPDATE NO ACTION,
  CONSTRAINT `productions_ibfk_1` FOREIGN KEY (`id_user`) REFERENCES `users` (`id`),
  CONSTRAINT `productions_ibfk_2` FOREIGN KEY (`prod_idmaqdeposita`) REFERENCES `machines` (`id`),
  CONSTRAINT `productions_ibfk_3` FOREIGN KEY (`prod_iddispositivo`) REFERENCES `devices` (`id`)
) ENGINE=InnoDB AUTO_INCREMENT=73 DEFAULT CHARSET=latin1 COLLATE=latin1_spanish_ci ROW_FORMAT=DYNAMIC COMMENT='Producciones';
/*!40101 SET character_set_client = @saved_cs_client */;

--
-- Dumping data for table `productions`
--

LOCK TABLES `productions` WRITE;
/*!40000 ALTER TABLE `productions` DISABLE KEYS */;
INSERT INTO `productions` VALUES (52,NULL,NULL,NULL,2,1,'2022-07-17',100,10,1000,'A','I','2022-07-17 22:30:13','2022-07-17 22:30:13',NULL),(53,1,1,1,NULL,1,'2022-07-17',10,300,3000,'A','E','2022-07-17 22:44:48','2022-07-17 22:44:48',NULL),(54,NULL,NULL,NULL,2,1,'2022-07-17',10,10,100,'A','I','2022-07-17 23:26:11','2022-07-17 23:26:11',NULL),(55,NULL,1,NULL,2,1,'2022-07-17',10,10,100,'A','S','2022-07-17 23:30:57','2022-07-17 23:30:57',NULL),(56,1,1,1,1,1,'2022-09-11',10,10,2000,'A','I',NULL,NULL,NULL),(57,22,NULL,NULL,6,1,'2022-09-05',1,200,200,'I','I','2022-09-05 13:57:31','2022-09-07 16:03:16',NULL),(58,3,NULL,NULL,8,1,'2022-09-07',2,250,500,'A','I','2022-09-07 16:13:52','2022-09-07 18:05:24',NULL),(59,NULL,NULL,NULL,8,1,'2022-09-07',2,200,400,'I','I','2022-09-07 17:07:01','2022-09-07 18:05:20',NULL),(60,22,1,1,NULL,1,'2022-09-13',3,1000,3000,'A','E','2022-09-13 21:06:14','2022-09-13 21:06:14',NULL),(61,22,1,1,NULL,1,'2022-09-13',3,1000,3000,'A','E','2022-09-13 21:06:14','2022-09-13 21:06:14',NULL),(63,22,1,1,NULL,1,'2022-09-14',3,1000,3000,'A','E','2022-09-13 21:06:14','2022-09-13 21:06:14',NULL),(64,22,1,1,NULL,1,'2022-09-15',3,1000,3000,'A','E','2022-09-13 21:06:14','2022-09-13 21:06:14',NULL),(65,22,1,1,NULL,1,'2022-09-13',3,1000,3000,'A','E','2022-09-13 21:06:14','2022-09-13 21:06:14',NULL),(66,22,1,1,NULL,1,'2022-09-13',3,1000,3000,'A','E','2022-09-13 21:06:14','2022-09-13 21:06:14',NULL),(67,22,1,1,NULL,1,'2022-09-14',3,1000,3000,'A','E','2022-09-13 21:06:14','2022-09-13 21:06:14',NULL),(68,22,1,1,NULL,1,'2022-09-15',3,1000,3000,'A','E','2022-09-13 21:06:14','2022-09-13 21:06:14',NULL),(69,2,1,2,NULL,1,'2022-10-11',10,2000,20000,'A','E','2022-10-11 17:07:29','2022-10-11 17:07:29',NULL),(70,5,2,2,NULL,1,'2022-10-11',10,2000,20000,'A','E','2022-10-11 17:10:09','2022-10-11 17:10:09',NULL),(71,NULL,2,NULL,2,1,'2022-10-11',10,100,1000,'A','S','2022-10-11 19:01:54','2022-10-11 19:01:54',NULL),(72,NULL,NULL,NULL,6,1,'2022-10-11',10,10,100,'A','I','2022-10-11 19:02:10','2022-10-11 19:02:10',NULL);
/*!40000 ALTER TABLE `productions` ENABLE KEYS */;
UNLOCK TABLES;

--
-- Table structure for table `remissionconcnovelties`
--

DROP TABLE IF EXISTS `remissionconcnovelties`;
/*!40101 SET @saved_cs_client     = @@character_set_client */;
/*!50503 SET character_set_client = utf8mb4 */;
CREATE TABLE `remissionconcnovelties` (
  `id` int(12) unsigned NOT NULL AUTO_INCREMENT,
  `cncn_nombre` varchar(50) COLLATE latin1_spanish_ci NOT NULL,
  `cncn_estado` enum('A','I') COLLATE latin1_spanish_ci NOT NULL DEFAULT 'A',
  `id_construction` int(12) unsigned DEFAULT NULL,
  `created_at` timestamp NOT NULL DEFAULT CURRENT_TIMESTAMP ON UPDATE CURRENT_TIMESTAMP,
  `updated_at` timestamp NULL DEFAULT CURRENT_TIMESTAMP ON UPDATE CURRENT_TIMESTAMP,
  `deleted_at` timestamp NULL DEFAULT NULL,
  PRIMARY KEY (`id`) USING BTREE,
  KEY `fk_remissionconcnovelties_constructions1_idx` (`id_construction`) USING BTREE,
  CONSTRAINT `fk_remissionconcnovelties_constructions1` FOREIGN KEY (`id_construction`) REFERENCES `constructions` (`id`) ON DELETE NO ACTION ON UPDATE NO ACTION
) ENGINE=InnoDB AUTO_INCREMENT=4 DEFAULT CHARSET=latin1 COLLATE=latin1_spanish_ci ROW_FORMAT=DYNAMIC;
/*!40101 SET character_set_client = @saved_cs_client */;

--
-- Dumping data for table `remissionconcnovelties`
--

LOCK TABLES `remissionconcnovelties` WRITE;
/*!40000 ALTER TABLE `remissionconcnovelties` DISABLE KEYS */;
INSERT INTO `remissionconcnovelties` VALUES (1,'Cambio de tercero','A',NULL,'2022-07-01 00:35:03','2022-07-01 00:35:03',NULL),(2,'Cambio de volumén','A',NULL,'2022-07-01 00:35:03','2022-07-01 00:35:03',NULL),(3,'Cambio de fecha','A',NULL,'2022-07-01 00:35:03','2022-07-01 00:35:03',NULL);
/*!40000 ALTER TABLE `remissionconcnovelties` ENABLE KEYS */;
UNLOCK TABLES;

--
-- Table structure for table `remissions`
--

DROP TABLE IF EXISTS `remissions`;
/*!40101 SET @saved_cs_client     = @@character_set_client */;
/*!50503 SET character_set_client = utf8mb4 */;
CREATE TABLE `remissions` (
  `id` int(12) unsigned NOT NULL AUTO_INCREMENT,
  `id_obra` int(12) unsigned NOT NULL,
  `id_society` int(12) unsigned NOT NULL,
  `id_user` int(12) unsigned NOT NULL,
  `id_machine` int(12) unsigned NOT NULL,
  `remi_fecha` date NOT NULL,
  `remi_numfactura` varchar(20) COLLATE latin1_spanish_ci DEFAULT '',
  `destiny` varchar(55) COLLATE latin1_spanish_ci NOT NULL,
  `remi_obs` text COLLATE latin1_spanish_ci,
  `remi_estado` enum('A','I','AN') COLLATE latin1_spanish_ci NOT NULL DEFAULT 'A',
  `total` int(12) DEFAULT NULL,
  `num_remission` varchar(20) COLLATE latin1_spanish_ci DEFAULT NULL,
  `rem_porc_sum` varchar(4) COLLATE latin1_spanish_ci DEFAULT NULL,
  `rem_porc_trans` varchar(4) COLLATE latin1_spanish_ci DEFAULT NULL,
  `created_at` timestamp NULL DEFAULT NULL,
  `updated_at` timestamp NULL DEFAULT NULL,
  `deleted_at` timestamp NULL DEFAULT NULL,
  PRIMARY KEY (`id`) USING BTREE,
  KEY `id_user` (`id_user`) USING BTREE,
  KEY `remi_obra` (`id_obra`) USING BTREE,
  KEY `fk_remissions_societies1_idx` (`id_society`) USING BTREE,
  KEY `fk_remissions_machines1_idx` (`id_machine`) USING BTREE,
  CONSTRAINT `fk_remissions_machines1` FOREIGN KEY (`id_machine`) REFERENCES `machines` (`id`) ON DELETE NO ACTION ON UPDATE NO ACTION,
  CONSTRAINT `fk_remissions_societies1` FOREIGN KEY (`id_society`) REFERENCES `societies` (`id`) ON DELETE NO ACTION ON UPDATE NO ACTION,
  CONSTRAINT `remissions_ibfk_1` FOREIGN KEY (`id_obra`) REFERENCES `constructions` (`id`),
  CONSTRAINT `remissions_ibfk_2` FOREIGN KEY (`id_user`) REFERENCES `users` (`id`)
) ENGINE=InnoDB AUTO_INCREMENT=68 DEFAULT CHARSET=latin1 COLLATE=latin1_spanish_ci ROW_FORMAT=DYNAMIC COMMENT='Maestro de Remisiones';
/*!40101 SET character_set_client = @saved_cs_client */;

--
-- Dumping data for table `remissions`
--

LOCK TABLES `remissions` WRITE;
/*!40000 ALTER TABLE `remissions` DISABLE KEYS */;
INSERT INTO `remissions` VALUES (26,2,2,1,3,'2022-08-22','','test',NULL,'A',119000,'20220822-1','20','80','2022-08-23 04:36:49','2022-08-23 04:36:49',NULL),(27,1,2,1,3,'2022-08-22','','Pradera',NULL,'A',273700,'20220822-2','10','90','2022-08-23 04:37:59','2022-08-23 04:37:59',NULL),(28,10,1,1,3,'2022-08-23','','la cuchilla','alguna','AN',476000,'TEST20220823-1','80','20','2022-08-24 00:49:40','2022-08-24 00:49:40',NULL),(29,9,1,1,2,'2022-08-23','','la entrada','a   la entrada tubara','AN',9900000,'TEST20220823-2','70','30','2022-08-24 00:51:44','2022-09-12 22:19:39',NULL),(30,9,1,1,3,'2022-08-23','','oara cuchilla','placa dtw597 faktarib','A',990000,'TEST20220823-3','70','30','2022-08-24 00:53:13','2022-08-24 00:53:13',NULL),(34,9,1,1,22,'2022-08-20','','tubara','remsion 24-08','A',14850000,'TEST20220824-7','70','30','2022-08-24 14:19:20','2022-08-24 14:19:20',NULL),(36,9,1,1,22,'2022-08-21','','tubara otra vez','necestia mucha arena hoy','A',7920000,'TEST20220824-9','70','30','2022-08-24 14:35:58','2022-08-24 14:35:58',NULL),(37,9,1,1,22,'2022-08-22','','la cuchilla','mas arena','A',10890000,'TEST20220824-10','70','30','2022-08-24 14:38:24','2022-08-24 14:38:24',NULL),(38,9,1,1,22,'2022-08-24','','tubara siguiente via','para otra via','A',8217000,'TEST20220824-11','70','30','2022-08-24 14:42:02','2022-08-24 14:42:02',NULL),(40,2,3,1,3,'2022-08-25','','Medellin',NULL,'A',2380,'20220825-1','20','80','2022-08-26 02:47:42','2022-08-26 02:47:42',NULL),(43,2,2,1,2,'2022-09-02','','Cartago','test','A',1190,'20220902-41-4','20','80','2022-09-03 01:47:25','2022-09-03 01:47:25',NULL),(44,2,2,1,2,'2022-09-02','','tets',NULL,'A',1190,'20220902-43-5','20','80','2022-09-03 01:51:07','2022-09-03 01:51:07',NULL),(45,6,2,1,3,'2022-09-02','','test',NULL,'A',23800,'20220902-44-6','40','60','2022-09-03 01:54:47','2022-09-03 01:54:47',NULL),(46,6,3,1,3,'2022-09-02','','va',NULL,'A',11900,'20220902-40-2','40','60','2022-09-03 01:56:46','2022-09-03 01:56:46',NULL),(49,13,1,1,22,'2022-09-05',NULL,'SAN FEL','APT','A',500000,'TEST20220905-48-9','30','70','2022-09-05 14:07:24','2022-09-13 16:17:46',NULL),(50,13,1,1,22,'2022-09-05',NULL,'APTO','APT','A',10000000,'TEST20220905-49-10','30','70','2022-09-05 14:22:00','2022-09-13 16:17:47',NULL),(51,13,1,1,22,'2022-09-07','5151','sfel','entrada','A',15675000,'TEST20220907-50-10','30','70','2022-09-07 15:43:20','2022-09-13 14:51:37',NULL),(52,13,1,1,22,'2022-09-07','','feli',NULL,'A',500000,'TEST20220907-51-11','30','70','2022-09-07 15:57:35','2022-09-07 15:57:35',NULL),(55,13,1,1,22,'2022-09-07','','FELI','NUVEE','A',25555250,'TEST20220907-54-13','30','70','2022-09-07 16:15:20','2022-09-07 16:15:20',NULL),(56,13,1,1,22,'2022-09-07','','FEI2','OTRO NUEV','A',26066355,'TEST20220907-55-14','30','70','2022-09-07 16:16:04','2022-09-07 16:16:04',NULL),(59,13,1,1,22,'2022-09-07','','TUTU','TUTUTUTU','A',20444200,'TEST20220907-58-16','30','70','2022-09-07 17:11:27','2022-09-07 17:11:27',NULL),(60,13,1,1,4,'2022-09-07','','Cali',NULL,'A',1045000,'TEST20220907-59-16','30','70','2022-09-07 19:58:10','2022-09-07 19:58:10',NULL),(61,13,1,1,22,'2022-09-07','','la mis','ma cosa','A',104500,'TEST20220907-60-17','30','70','2022-09-07 20:02:50','2022-09-07 20:02:50',NULL),(62,13,1,1,22,'2022-09-13','','debe ser 62','6262','AN',1000000,'TEST20220913-61-17','30','70','2022-09-13 17:19:49','2022-09-13 21:21:57',NULL),(63,13,1,1,22,'2022-09-13','','una','una','A',15000000,'TEST20220913-63-18','30','70','2022-09-13 21:26:57','2022-09-13 21:26:57',NULL),(64,2,2,1,2,'2022-10-20','','PALMIRA VALLE',NULL,'A',11900,'20221020-46-6','20','80','2022-10-20 15:24:47','2022-10-20 15:24:47',NULL),(65,2,2,1,2,'2022-10-20','','FLORIDA',NULL,'A',11900,'20221020-65-7','20','80','2022-10-20 15:43:22','2022-10-20 15:43:22',NULL),(66,2,2,1,2,'2022-10-20','','MEDELLIN',NULL,'A',19040,'20221020-66-8','20','80','2022-10-20 15:47:41','2022-10-20 15:47:41',NULL),(67,2,2,1,2,'2022-10-20','','cANDELARIA',NULL,'A',23800,'20221020-67-9','20','80','2022-10-20 16:00:49','2022-10-20 16:00:49',NULL);
/*!40000 ALTER TABLE `remissions` ENABLE KEYS */;
UNLOCK TABLES;

--
-- Table structure for table `remissionsdetails`
--

DROP TABLE IF EXISTS `remissionsdetails`;
/*!40101 SET @saved_cs_client     = @@character_set_client */;
/*!50503 SET character_set_client = utf8mb4 */;
CREATE TABLE `remissionsdetails` (
  `id` int(12) unsigned NOT NULL AUTO_INCREMENT,
  `dtrm_idremision` int(12) unsigned NOT NULL,
  `dtrm_idmaterial` int(12) unsigned NOT NULL,
  `unit_id` int(12) unsigned NOT NULL,
  `pricelist_id` int(12) NOT NULL,
  `dtrm_cantdespachada` int(12) unsigned NOT NULL,
  `dtrm_precio` int(12) unsigned NOT NULL,
  `valor_iva` int(12) DEFAULT NULL,
  `transporte` int(12) DEFAULT NULL,
  `suministro` int(12) DEFAULT NULL,
  `subtotal` int(12) DEFAULT NULL,
  `date_detail` date DEFAULT NULL,
  `created_at` timestamp NOT NULL DEFAULT CURRENT_TIMESTAMP,
  `updated_at` timestamp NULL DEFAULT NULL,
  `deleted_at` timestamp NULL DEFAULT NULL,
  PRIMARY KEY (`id`) USING BTREE,
  KEY `dtrm_codmaterial` (`dtrm_idmaterial`) USING BTREE,
  KEY `dtrm_idremision` (`dtrm_idremision`) USING BTREE,
  KEY `fk_remissionsdetails_units1_idx` (`unit_id`) USING BTREE,
  KEY `fk_remissionsdetails_pricelists1_idx` (`pricelist_id`) USING BTREE,
  CONSTRAINT `fk_remissionsdetails_pricelists1` FOREIGN KEY (`pricelist_id`) REFERENCES `pricelists` (`id`) ON DELETE NO ACTION ON UPDATE NO ACTION,
  CONSTRAINT `fk_remissionsdetails_units1` FOREIGN KEY (`unit_id`) REFERENCES `units` (`id`) ON DELETE NO ACTION ON UPDATE NO ACTION,
  CONSTRAINT `remissionsdetails_ibfk_1` FOREIGN KEY (`dtrm_idremision`) REFERENCES `remissions` (`id`),
  CONSTRAINT `remissionsdetails_ibfk_2` FOREIGN KEY (`dtrm_idmaterial`) REFERENCES `materials` (`id`)
) ENGINE=InnoDB AUTO_INCREMENT=32 DEFAULT CHARSET=latin1 COLLATE=latin1_danish_ci ROW_FORMAT=DYNAMIC COMMENT='Detalle de Remisiones';
/*!40101 SET character_set_client = @saved_cs_client */;

--
-- Dumping data for table `remissionsdetails`
--

LOCK TABLES `remissionsdetails` WRITE;
/*!40000 ALTER TABLE `remissionsdetails` DISABLE KEYS */;
INSERT INTO `remissionsdetails` VALUES (1,26,1,2,2,93,1000,3800,80000,20000,100000,NULL,'2022-08-23 04:36:49','2022-08-23 04:36:49',NULL),(2,27,1,2,0,23,10000,4370,207000,23000,230000,NULL,'2022-08-23 04:37:59','2022-08-23 04:37:59',NULL),(3,28,2,2,0,5,80000,60800,80000,320000,400000,NULL,'2022-08-24 00:49:40','2022-08-24 00:49:40',NULL),(4,29,2,2,0,100,90000,1197000,2700000,6300000,9000000,NULL,'2022-08-24 00:51:44','2022-08-24 00:51:44',NULL),(5,30,2,2,0,10,90000,119700,270000,630000,900000,NULL,'2022-08-24 00:53:14','2022-08-24 00:53:14',NULL),(6,34,2,2,0,150,90000,1795500,4050000,9450000,13500000,NULL,'2022-08-24 14:19:20','2022-08-24 14:19:20',NULL),(7,36,2,2,0,80,90000,957600,2160000,5040000,7200000,NULL,'2022-08-24 14:35:59','2022-08-24 14:35:59',NULL),(8,37,2,2,0,110,90000,1316700,2970000,6930000,9900000,NULL,'2022-08-24 14:38:25','2022-08-24 14:38:25',NULL),(9,38,2,2,0,83,90000,993510,2241000,5229000,7470000,NULL,'2022-08-24 14:42:02','2022-08-24 14:42:02',NULL),(10,40,1,2,0,2,1000,76,1600,400,2000,NULL,'2022-08-26 02:47:42','2022-08-26 02:47:42',NULL),(11,43,2,2,0,10,100,38,800,200,1000,'2022-09-02','2022-09-03 01:47:25','2022-09-03 01:47:25',NULL),(12,44,1,2,0,1,1000,38,800,200,1000,NULL,'2022-09-03 01:51:07','2022-09-03 01:51:07',NULL),(13,45,2,2,0,2,10000,1520,12000,8000,20000,'2022-09-02','2022-09-03 01:54:47','2022-09-03 01:54:47',NULL),(14,46,2,2,2,1,10000,760,6000,4000,10000,'2022-09-02','2022-09-03 01:56:46','2022-09-03 01:56:46',NULL),(16,49,6,2,16,10,50000,0,350000,150000,500000,NULL,'2022-09-05 14:07:25','2022-09-05 14:07:25',NULL),(17,50,2,2,15,100,100000,570000,7000000,3000000,10000000,'2022-10-02','2022-09-05 14:22:00','2022-09-05 14:22:00',NULL),(18,51,1,2,14,150,95000,812250,9975000,4275000,14250000,NULL,'2022-09-07 15:43:20','2022-09-07 15:43:20',NULL),(19,52,6,2,16,10,50000,0,350000,150000,500000,NULL,'2022-09-07 15:57:35','2022-09-07 15:57:35',NULL),(20,55,8,2,21,250,85900,1224075,15032500,6442500,21475000,NULL,'2022-09-07 16:15:20','2022-09-07 16:15:20',NULL),(21,56,8,2,21,250,85900,1248557,15333150,6571350,21904500,NULL,'2022-09-07 16:16:04','2022-09-07 16:16:04',NULL),(22,59,8,2,21,200,85900,979260,12026000,5154000,17180000,NULL,'2022-09-07 17:11:27','2022-09-07 17:11:27',NULL),(24,60,1,2,14,10,95000,54150,665000,285000,950000,NULL,'2022-09-07 19:58:10','2022-09-07 19:58:10',NULL),(25,61,1,2,14,1,95000,5415,66500,28500,95000,NULL,'2022-09-07 20:02:50','2022-09-07 20:02:50',NULL),(26,62,2,2,15,10,100000,57000,700000,300000,1000000,NULL,'2022-09-13 17:19:49','2022-09-13 17:19:49',NULL),(27,63,2,2,15,150,100000,855000,10500000,4500000,15000000,NULL,'2022-09-13 21:26:57','2022-09-13 21:26:57',NULL),(28,64,1,2,2,10,1000,380,8000,2000,10000,'2022-10-20','2022-10-20 15:24:47','2022-10-20 15:24:47',NULL),(29,65,1,2,2,10,1000,380,8000,2000,10000,'2022-10-20','2022-10-20 15:43:22','2022-10-20 15:43:22',NULL),(30,66,1,2,2,16,1000,608,12800,3200,16000,'2022-10-20','2022-10-20 15:47:41','2022-10-20 15:47:41',NULL),(31,67,1,2,2,20,1000,760,16000,4000,20000,'2022-10-20','2022-10-20 16:00:49','2022-10-20 16:00:49',NULL);
/*!40000 ALTER TABLE `remissionsdetails` ENABLE KEYS */;
UNLOCK TABLES;

--
-- Table structure for table `remissionsnovelties`
--

DROP TABLE IF EXISTS `remissionsnovelties`;
/*!40101 SET @saved_cs_client     = @@character_set_client */;
/*!50503 SET character_set_client = utf8mb4 */;
CREATE TABLE `remissionsnovelties` (
  `id` int(12) unsigned NOT NULL AUTO_INCREMENT,
  `rmnv_idremision` int(12) unsigned NOT NULL,
  `rmnv_idmaterial` int(12) unsigned DEFAULT NULL,
  `rmnv_idclient` int(12) unsigned DEFAULT NULL,
  `rmnv_idconcepto` int(12) unsigned DEFAULT NULL,
  `id_user` int(12) unsigned NOT NULL,
  `id_construction` int(12) unsigned DEFAULT NULL,
  `rmnv_nuevovalor` varchar(50) COLLATE latin1_spanish_ci DEFAULT NULL,
  `rmnv_obs` varchar(200) COLLATE latin1_spanish_ci DEFAULT NULL,
  `rmnv_estado` enum('A','I') COLLATE latin1_spanish_ci NOT NULL DEFAULT 'A',
  `rmnv_fecha` date DEFAULT NULL,
  `rmnv_doc_vascula` varchar(100) COLLATE latin1_spanish_ci DEFAULT NULL,
  `rmnv_valor_iva` double DEFAULT NULL,
  `rmnv_valor_transporte` double DEFAULT NULL,
  `rmnv_valor_suministro` double DEFAULT NULL,
  `rmnv_valor_subtotal` double DEFAULT NULL,
  `nov_fecha` date DEFAULT NULL,
  `created_at` timestamp NULL DEFAULT NULL,
  `updated_at` timestamp NULL DEFAULT NULL,
  `deleted_at` timestamp NULL DEFAULT NULL,
  PRIMARY KEY (`id`) USING BTREE,
  KEY `rmnv_remision` (`rmnv_idremision`) USING BTREE,
  KEY `id_user` (`id_user`) USING BTREE,
  KEY `fk_remissionsnovelties_materials1_idx` (`rmnv_idmaterial`) USING BTREE,
  KEY `fk_remissionsnovelties_remissionconcnovelties1_idx` (`rmnv_idconcepto`) USING BTREE,
  KEY `fk_remissionsnovelties_clients1_idx` (`rmnv_idclient`) USING BTREE,
  KEY `fk_remissionsnovelties_constructions1_idx` (`id_construction`) USING BTREE,
  CONSTRAINT `fk_remissionsnovelties_clients1` FOREIGN KEY (`rmnv_idclient`) REFERENCES `clients` (`id`) ON DELETE NO ACTION ON UPDATE NO ACTION,
  CONSTRAINT `fk_remissionsnovelties_constructions1` FOREIGN KEY (`id_construction`) REFERENCES `constructions` (`id`) ON DELETE NO ACTION ON UPDATE NO ACTION,
  CONSTRAINT `fk_remissionsnovelties_materials1` FOREIGN KEY (`rmnv_idmaterial`) REFERENCES `materials` (`id`) ON DELETE NO ACTION ON UPDATE NO ACTION,
  CONSTRAINT `fk_remissionsnovelties_remissionconcnovelties1` FOREIGN KEY (`rmnv_idconcepto`) REFERENCES `remissionconcnovelties` (`id`) ON DELETE NO ACTION ON UPDATE NO ACTION,
  CONSTRAINT `remissionsnovelties_ibfk_1` FOREIGN KEY (`rmnv_idremision`) REFERENCES `remissions` (`id`),
  CONSTRAINT `remissionsnovelties_ibfk_3` FOREIGN KEY (`id_user`) REFERENCES `users` (`id`)
) ENGINE=InnoDB AUTO_INCREMENT=10 DEFAULT CHARSET=latin1 COLLATE=latin1_spanish_ci ROW_FORMAT=DYNAMIC COMMENT='Novedades de Remisiones';
/*!40101 SET character_set_client = @saved_cs_client */;

--
-- Dumping data for table `remissionsnovelties`
--

LOCK TABLES `remissionsnovelties` WRITE;
/*!40000 ALTER TABLE `remissionsnovelties` DISABLE KEYS */;
INSERT INTO `remissionsnovelties` VALUES (1,27,NULL,NULL,2,1,1,'30',NULL,'A',NULL,NULL,1140,24000,6000,30000,'2022-08-22','2022-08-23 04:38:32','2022-08-23 04:38:32',NULL),(2,38,NULL,6,1,1,7,NULL,'a ver si tiene','A',NULL,NULL,0,0,0,0,'2022-08-24','2022-08-24 15:24:13','2022-08-24 15:24:13',NULL),(3,37,NULL,NULL,2,1,NULL,'105','originalmente 110 el clietne peso menos','A',NULL,'9876',661500,2835000,6615000,9450000,'2022-08-24','2022-08-24 15:28:31','2022-08-24 15:28:31',NULL),(4,34,NULL,NULL,3,1,NULL,NULL,'pasa a 23 original 20','A','2022-08-23',NULL,0,0,0,0,'2022-08-24','2022-08-24 15:29:17','2022-08-24 15:29:17',NULL),(5,49,NULL,NULL,2,1,NULL,'125','cambia la rem 49  a 125 mc','A',NULL,'d85856',0,4375000,1875000,6250000,'2022-09-06','2022-09-06 21:17:17','2022-09-06 21:17:17',NULL),(6,50,NULL,NULL,3,1,NULL,NULL,'se cambia para 6 de octubre','I','2022-10-06',NULL,0,0,0,0,'2022-09-06','2022-09-06 21:17:52','2022-09-12 22:08:23',NULL),(7,50,NULL,6,1,1,7,NULL,'cambia estadero san felipe por stveson rodriguez sala de emergencia','A',NULL,NULL,0,0,0,0,'2022-09-07','2022-09-07 14:44:02','2022-09-07 14:44:02',NULL),(8,51,NULL,NULL,2,1,NULL,'110','cambio a 110','A',NULL,'d-2525',313500,7315000,3135000,10450000,'2022-09-07','2022-09-07 15:44:15','2022-09-07 15:44:15',NULL),(9,51,NULL,NULL,2,1,NULL,'101','eran 101 no 110','A',NULL,'dd126',287850,6716500,2878500,9595000,'2022-09-07','2022-09-07 15:44:48','2022-09-07 15:44:48',NULL);
/*!40000 ALTER TABLE `remissionsnovelties` ENABLE KEYS */;
UNLOCK TABLES;

--
-- Table structure for table `role_has_permissions`
--

DROP TABLE IF EXISTS `role_has_permissions`;
/*!40101 SET @saved_cs_client     = @@character_set_client */;
/*!50503 SET character_set_client = utf8mb4 */;
CREATE TABLE `role_has_permissions` (
  `id` bigint(12) unsigned NOT NULL AUTO_INCREMENT,
  `role_id` bigint(12) unsigned NOT NULL,
  `permission_id` bigint(12) NOT NULL,
  PRIMARY KEY (`id`,`role_id`,`permission_id`) USING BTREE,
  KEY `role_has_permissions_role_id_foreign` (`role_id`) USING BTREE,
  KEY `fk_role_has_permissions_permissions1_idx` (`permission_id`) USING BTREE,
  CONSTRAINT `fk_role_has_permissions_permissions1` FOREIGN KEY (`permission_id`) REFERENCES `permissions` (`id`) ON DELETE NO ACTION ON UPDATE NO ACTION,
  CONSTRAINT `role_has_permissions_ibfk_2` FOREIGN KEY (`role_id`) REFERENCES `roles` (`id`) ON DELETE CASCADE
) ENGINE=InnoDB AUTO_INCREMENT=71 DEFAULT CHARSET=utf8mb4 COLLATE=utf8mb4_unicode_ci ROW_FORMAT=DYNAMIC;
/*!40101 SET character_set_client = @saved_cs_client */;

--
-- Dumping data for table `role_has_permissions`
--

LOCK TABLES `role_has_permissions` WRITE;
/*!40000 ALTER TABLE `role_has_permissions` DISABLE KEYS */;
INSERT INTO `role_has_permissions` VALUES (1,1,1),(2,1,2),(3,1,3),(4,1,4),(5,1,5),(6,1,6),(7,1,7),(8,1,8),(9,1,9),(10,1,18),(11,1,19),(12,1,20),(13,1,21),(14,1,22),(15,1,23),(16,1,24),(17,1,25),(18,1,26),(19,1,27),(20,1,28),(21,1,29),(22,1,30),(23,1,31),(24,1,32),(25,1,33),(26,1,34),(27,1,35),(28,1,36),(29,1,37),(30,1,38),(31,1,39),(32,1,40),(33,1,42),(34,2,1),(35,2,2),(36,2,3),(37,2,4),(38,2,5),(39,2,6),(40,2,7),(41,2,8),(42,2,9),(43,2,18),(44,2,19),(45,2,20),(46,2,21),(47,2,22),(48,2,23),(49,2,24),(50,2,25),(51,2,26),(52,2,27),(53,2,28),(54,2,29),(55,2,30),(56,2,31),(57,2,32),(58,2,33),(59,2,34),(60,2,35),(61,2,36),(62,2,37),(63,2,38),(64,2,39),(65,2,40),(66,2,41),(67,2,42),(68,2,43),(69,2,44),(70,2,45);
/*!40000 ALTER TABLE `role_has_permissions` ENABLE KEYS */;
UNLOCK TABLES;

--
-- Table structure for table `roles`
--

DROP TABLE IF EXISTS `roles`;
/*!40101 SET @saved_cs_client     = @@character_set_client */;
/*!50503 SET character_set_client = utf8mb4 */;
CREATE TABLE `roles` (
  `id` bigint(12) unsigned NOT NULL AUTO_INCREMENT,
  `name` varchar(100) NOT NULL,
  `guard_name` varchar(100) NOT NULL,
  `created_at` timestamp NULL DEFAULT NULL,
  `updated_at` timestamp NULL DEFAULT NULL,
  `deleted_at` timestamp NULL DEFAULT NULL,
  PRIMARY KEY (`id`) USING BTREE
) ENGINE=InnoDB AUTO_INCREMENT=3 DEFAULT CHARSET=utf8 ROW_FORMAT=DYNAMIC;
/*!40101 SET character_set_client = @saved_cs_client */;

--
-- Dumping data for table `roles`
--

LOCK TABLES `roles` WRITE;
/*!40000 ALTER TABLE `roles` DISABLE KEYS */;
INSERT INTO `roles` VALUES (1,'Admin','web',NULL,NULL,NULL),(2,'Super admin','web',NULL,NULL,NULL);
/*!40000 ALTER TABLE `roles` ENABLE KEYS */;
UNLOCK TABLES;

--
-- Table structure for table `settlementremissions`
--

DROP TABLE IF EXISTS `settlementremissions`;
/*!40101 SET @saved_cs_client     = @@character_set_client */;
/*!50503 SET character_set_client = utf8mb4 */;
CREATE TABLE `settlementremissions` (
  `id` int(11) NOT NULL AUTO_INCREMENT,
  `dateStart` date DEFAULT NULL,
  `dateEnd` date DEFAULT NULL,
  `id_remission` int(12) unsigned NOT NULL,
  `id_construction` int(12) unsigned NOT NULL,
  `status` enum('SF','F','A') DEFAULT 'SF',
  `date` date DEFAULT NULL,
  PRIMARY KEY (`id`) USING BTREE,
  KEY `fk_settlementRemission_remissions_idx` (`id_remission`) USING BTREE,
  KEY `fk_settlementRemission_constructions1_idx` (`id_construction`) USING BTREE,
  CONSTRAINT `fk_settlementRemission_constructions1` FOREIGN KEY (`id_construction`) REFERENCES `constructions` (`id`) ON DELETE NO ACTION ON UPDATE NO ACTION,
  CONSTRAINT `fk_settlementRemission_remissions` FOREIGN KEY (`id_remission`) REFERENCES `remissions` (`id`) ON DELETE NO ACTION ON UPDATE NO ACTION
) ENGINE=InnoDB AUTO_INCREMENT=17 DEFAULT CHARSET=utf8mb4 ROW_FORMAT=DYNAMIC;
/*!40101 SET character_set_client = @saved_cs_client */;

--
-- Dumping data for table `settlementremissions`
--

LOCK TABLES `settlementremissions` WRITE;
/*!40000 ALTER TABLE `settlementremissions` DISABLE KEYS */;
INSERT INTO `settlementremissions` VALUES (7,'2022-09-01','2022-09-30',49,13,'F','2022-09-09'),(8,'2022-09-01','2022-09-30',50,13,'F','2022-09-09'),(10,'2022-01-01','2022-09-09',51,13,'F','2022-09-13'),(16,'2022-01-01','2022-12-31',52,13,'SF','2022-09-13');
/*!40000 ALTER TABLE `settlementremissions` ENABLE KEYS */;
UNLOCK TABLES;

--
-- Table structure for table `societies`
--

DROP TABLE IF EXISTS `societies`;
/*!40101 SET @saved_cs_client     = @@character_set_client */;
/*!50503 SET character_set_client = utf8mb4 */;
CREATE TABLE `societies` (
  `id` int(12) unsigned NOT NULL AUTO_INCREMENT,
  `id_person` int(12) unsigned NOT NULL,
  `prefix` varchar(10) COLLATE latin1_spanish_ci DEFAULT NULL,
  `soci_nombrelogo` mediumtext COLLATE latin1_spanish_ci,
  `soci_estado` enum('A','I') COLLATE latin1_spanish_ci NOT NULL DEFAULT 'A',
  `created_at` timestamp NULL DEFAULT NULL,
  `updated_at` timestamp NULL DEFAULT NULL,
  `deleted_at` timestamp NULL DEFAULT NULL,
  PRIMARY KEY (`id`) USING BTREE,
  UNIQUE KEY `prefix_UNIQUE` (`prefix`) USING BTREE,
  KEY `fk_societies_persons1_idx` (`id_person`) USING BTREE,
  CONSTRAINT `fk_societies_persons1` FOREIGN KEY (`id_person`) REFERENCES `persons` (`id`) ON DELETE NO ACTION ON UPDATE NO ACTION
) ENGINE=InnoDB AUTO_INCREMENT=9 DEFAULT CHARSET=latin1 COLLATE=latin1_spanish_ci ROW_FORMAT=DYNAMIC COMMENT='Sociedades';
/*!40101 SET character_set_client = @saved_cs_client */;

--
-- Dumping data for table `societies`
--

LOCK TABLES `societies` WRITE;
/*!40000 ALTER TABLE `societies` DISABLE KEYS */;
INSERT INTO `societies` VALUES (1,36,'TEST',NULL,'A','2022-04-16 02:37:28','2022-06-08 03:00:35',NULL),(2,39,NULL,'/storage/1654622041_Post de Instagram Collage Fitness Motivación Deporte Amarillo y Negro (2).png','A','2022-04-17 06:35:50','2022-06-08 03:14:01',NULL),(3,38,NULL,'/storage/1654622028_Flyer Food Truck México de Comida Mexicana.png','A','2022-04-23 07:10:05','2022-06-08 03:13:48',NULL),(4,37,NULL,'/storage/1654622018_Ft5_3mb.jpg','A','2022-04-24 03:19:05','2022-06-08 03:13:38',NULL),(5,27,NULL,'/storage/1654622010_ratio-de-pantalla-edit.webp','A','2022-05-10 06:01:49','2022-06-08 03:13:30',NULL),(8,50,NULL,NULL,'A','2022-06-09 01:31:52','2022-06-09 01:31:52',NULL);
/*!40000 ALTER TABLE `societies` ENABLE KEYS */;
UNLOCK TABLES;

--
-- Table structure for table `states`
--

DROP TABLE IF EXISTS `states`;
/*!40101 SET @saved_cs_client     = @@character_set_client */;
/*!50503 SET character_set_client = utf8mb4 */;
CREATE TABLE `states` (
  `id` int(12) unsigned NOT NULL AUTO_INCREMENT,
  `dpto_nombre` varchar(45) COLLATE latin1_spanish_ci NOT NULL,
  `country_id` int(12) unsigned NOT NULL,
  `dpto_estado` enum('A','I') COLLATE latin1_spanish_ci NOT NULL DEFAULT 'A',
  `created_at` timestamp NULL DEFAULT NULL,
  `updated_at` timestamp NULL DEFAULT NULL,
  `deleted_at` timestamp NULL DEFAULT NULL,
  PRIMARY KEY (`id`) USING BTREE,
  KEY `fk_states_countries1_idx` (`country_id`) USING BTREE,
  CONSTRAINT `fk_states_countries1` FOREIGN KEY (`country_id`) REFERENCES `countries` (`id`) ON DELETE NO ACTION ON UPDATE NO ACTION
) ENGINE=InnoDB AUTO_INCREMENT=34 DEFAULT CHARSET=latin1 COLLATE=latin1_spanish_ci ROW_FORMAT=DYNAMIC;
/*!40101 SET character_set_client = @saved_cs_client */;

--
-- Dumping data for table `states`
--

LOCK TABLES `states` WRITE;
/*!40000 ALTER TABLE `states` DISABLE KEYS */;
INSERT INTO `states` VALUES (1,'ANTIOQUIA',1,'A','2021-12-12 05:39:25',NULL,NULL),(2,'ATLANTICO',1,'A','2022-02-08 11:31:36',NULL,NULL),(3,'BOGOTA D.C',1,'A','2022-02-08 11:31:39',NULL,NULL),(4,'BOLIVAR',1,'A','2022-02-08 11:31:45',NULL,NULL),(5,'BOYACA',1,'A','2022-02-08 11:31:48',NULL,NULL),(6,'CALDAS',1,'A','2021-12-12 05:39:25',NULL,NULL),(7,'CAQUETA',1,'A','2022-02-08 11:31:51',NULL,NULL),(8,'CAUCA',1,'A','2021-12-12 05:39:25',NULL,NULL),(9,'CESAR',1,'A','2021-12-12 05:39:25',NULL,NULL),(10,'CORDOBA',1,'A','2022-02-08 11:31:56',NULL,NULL),(11,'CUNDINAMARCA',1,'A','2021-12-12 05:39:25',NULL,NULL),(12,'CHOCO',1,'A','2022-02-08 11:31:59',NULL,NULL),(13,'HUILA',1,'A','2021-12-12 05:39:25',NULL,NULL),(14,'LA GUAJIRA',1,'A','2021-12-12 05:39:25',NULL,NULL),(15,'MAGDALENA',1,'A','2021-12-12 05:39:25',NULL,NULL),(16,'META',1,'A','2021-12-12 05:39:25',NULL,NULL),(17,'NARIÑO',1,'A','2022-02-08 11:32:08',NULL,NULL),(18,'NORTE DE SANTANDER',1,'A','2021-12-12 05:39:25',NULL,NULL),(19,'QUINDIO',1,'A','2021-12-12 05:39:25',NULL,NULL),(20,'RISARALDA',1,'A','2021-12-12 05:39:25',NULL,NULL),(21,'SANTANDER',1,'A','2021-12-12 05:39:25',NULL,NULL),(22,'SUCRE',1,'A','2021-12-12 05:39:25',NULL,NULL),(23,'TOLIMA',1,'A','2021-12-12 05:39:25',NULL,NULL),(24,'VALLE DEL CAUCA',1,'A','2021-12-12 05:39:25',NULL,NULL),(25,'ARAUCA',1,'A','2021-12-12 05:39:25',NULL,NULL),(26,'CASANARE',1,'A','2021-12-12 05:39:25',NULL,NULL),(27,'PUTUMAYO',1,'A','2021-12-12 05:39:25',NULL,NULL),(28,'ARCHIPIELAGO DE SAN ANDRES, PROVIDENCIA Y S',1,'A','2022-02-08 11:32:22',NULL,NULL),(29,'AMAZONAS',1,'A','2021-12-12 05:39:25',NULL,NULL),(30,'GUAINIA',1,'A','2022-02-08 11:32:34',NULL,NULL),(31,'GUAVIARE',1,'A','2021-12-12 05:39:25',NULL,NULL),(32,'VAUPES',1,'A','2022-02-08 11:32:39',NULL,NULL),(33,'VICHADA',1,'A','2021-12-12 05:39:25',NULL,NULL);
/*!40000 ALTER TABLE `states` ENABLE KEYS */;
UNLOCK TABLES;

--
-- Table structure for table `suppliers`
--

DROP TABLE IF EXISTS `suppliers`;
/*!40101 SET @saved_cs_client     = @@character_set_client */;
/*!50503 SET character_set_client = utf8mb4 */;
CREATE TABLE `suppliers` (
  `id` int(12) NOT NULL AUTO_INCREMENT,
  `id_person` int(12) unsigned NOT NULL,
  `codeVerification` char(2) COLLATE latin1_spanish_ci NOT NULL,
  `prov_codactividad` char(5) COLLATE latin1_spanish_ci NOT NULL,
  `prov_estado` enum('A','I') COLLATE latin1_spanish_ci NOT NULL DEFAULT 'A',
  `created_at` timestamp NULL DEFAULT NULL,
  `updated_at` timestamp NULL DEFAULT NULL,
  `deleted_at` timestamp NULL DEFAULT NULL,
  PRIMARY KEY (`id`) USING BTREE,
  KEY `fk_suppliers_persons1_idx` (`id_person`) USING BTREE,
  CONSTRAINT `fk_suppliers_persons1` FOREIGN KEY (`id_person`) REFERENCES `persons` (`id`) ON DELETE NO ACTION ON UPDATE NO ACTION
) ENGINE=InnoDB AUTO_INCREMENT=11 DEFAULT CHARSET=latin1 COLLATE=latin1_spanish_ci ROW_FORMAT=DYNAMIC COMMENT='Proveedores';
/*!40101 SET character_set_client = @saved_cs_client */;

--
-- Dumping data for table `suppliers`
--

LOCK TABLES `suppliers` WRITE;
/*!40000 ALTER TABLE `suppliers` DISABLE KEYS */;
INSERT INTO `suppliers` VALUES (1,4,'','111','A','2022-04-16 02:20:37','2022-04-28 02:19:25',NULL),(2,17,'','113','I','2022-04-23 13:53:43','2022-04-28 02:25:24',NULL),(3,18,'','114','I','2022-04-23 13:56:18','2022-04-28 02:24:47',NULL),(4,19,'','2819','I','2022-04-24 02:37:39','2022-04-28 02:23:56',NULL),(5,28,'','111','A','2022-05-16 01:25:00','2022-05-16 01:25:00',NULL),(6,40,'','349','A','2022-06-08 03:40:57','2022-06-08 03:40:57',NULL),(7,41,'2','492','A','2022-06-08 04:18:53','2022-06-08 07:00:55',NULL),(8,44,'9','349','A','2022-06-08 08:17:48','2022-06-08 08:17:48',NULL),(9,46,'0','421','A','2022-06-09 00:57:01','2022-06-09 00:57:01',NULL),(10,47,'6','384','A','2022-06-09 00:59:22','2022-06-09 00:59:22',NULL);
/*!40000 ALTER TABLE `suppliers` ENABLE KEYS */;
UNLOCK TABLES;

--
-- Table structure for table `tankmachines`
--

DROP TABLE IF EXISTS `tankmachines`;
/*!40101 SET @saved_cs_client     = @@character_set_client */;
/*!50503 SET character_set_client = utf8mb4 */;
CREATE TABLE `tankmachines` (
  `id` int(12) unsigned NOT NULL AUTO_INCREMENT,
  `tanq_idmaquina` int(12) unsigned DEFAULT NULL,
  `id_user` int(12) unsigned NOT NULL,
  `cubt_idcompra` int(12) unsigned DEFAULT NULL,
  `cub_id` int(12) unsigned DEFAULT NULL,
  `tanq_fecha` date NOT NULL,
  `tanq_volumen` int(12) unsigned NOT NULL,
  `tanq_unidad` enum('LT','MC','GL') COLLATE latin1_spanish_ci NOT NULL COMMENT 'LT Litros, MC Metros Cubicos, GL Galones',
  `tanq_origen` enum('CT','CB','EX') COLLATE latin1_spanish_ci NOT NULL COMMENT 'CT Carrotanque, CB Cubitanque, ES Estacion de servicio',
  `tanq_observaciones` text COLLATE latin1_spanish_ci,
  `tanq_estado` enum('A','I') COLLATE latin1_spanish_ci NOT NULL DEFAULT 'A',
  `tanq_valor_tanqueo` float DEFAULT NULL,
  `created_at` timestamp NULL DEFAULT NULL,
  `updated_at` timestamp NULL DEFAULT NULL,
  `deleted_at` timestamp NULL DEFAULT NULL,
  PRIMARY KEY (`id`) USING BTREE,
  KEY `tanq_codmaquina` (`tanq_idmaquina`) USING BTREE,
  KEY `id_user` (`id_user`) USING BTREE,
  KEY `fk_tankmachines_fuelsshopping1_idx` (`cubt_idcompra`) USING BTREE,
  KEY `fk_tankmachines_machines1_idx` (`cub_id`) USING BTREE,
  CONSTRAINT `fk_tankmachines_fuelsshopping1` FOREIGN KEY (`cubt_idcompra`) REFERENCES `fuelsshopping` (`id`) ON DELETE NO ACTION ON UPDATE NO ACTION,
  CONSTRAINT `fk_tankmachines_machines1` FOREIGN KEY (`cub_id`) REFERENCES `machines` (`id`) ON DELETE NO ACTION ON UPDATE NO ACTION,
  CONSTRAINT `tankmachines_ibfk_1` FOREIGN KEY (`id_user`) REFERENCES `users` (`id`),
  CONSTRAINT `tankmachines_ibfk_2` FOREIGN KEY (`tanq_idmaquina`) REFERENCES `machines` (`id`)
) ENGINE=InnoDB AUTO_INCREMENT=36 DEFAULT CHARSET=latin1 COLLATE=latin1_spanish_ci ROW_FORMAT=DYNAMIC COMMENT='Tanqueo de maquinas';
/*!40101 SET character_set_client = @saved_cs_client */;

--
-- Dumping data for table `tankmachines`
--

LOCK TABLES `tankmachines` WRITE;
/*!40000 ALTER TABLE `tankmachines` DISABLE KEYS */;
INSERT INTO `tankmachines` VALUES (24,22,1,5,21,'2022-08-24',50,'GL','CT','50 x 90.000 le quedn 900. gal al ct','A',NULL,'2022-08-24 21:30:26','2022-08-24 21:30:26',NULL),(25,22,1,NULL,NULL,'2022-08-24',15,'GL','EX','15 gal  *85.000 externo','A',85000,'2022-08-24 21:31:11','2022-08-24 21:31:11',NULL),(26,21,1,5,21,'2022-08-24',900,'GL','CT','queda vacia la remision','A',NULL,'2022-08-24 21:31:48','2022-08-24 21:31:48',NULL),(28,22,1,NULL,21,'2022-08-24',10,'GL','CB','Test cu','A',30000,'2022-08-25 04:09:56','2022-08-25 04:09:56',NULL),(29,1,1,7,21,'2022-09-05',150,'GL','CT','quedan 850','A',NULL,'2022-09-05 14:37:42','2022-09-05 14:37:42',NULL),(30,2,1,7,21,'2022-09-05',120,'GL','CT','qudan 730','A',NULL,'2022-09-05 14:38:12','2022-09-05 14:38:12',NULL),(31,3,1,7,21,'2022-09-05',160,'GL','CT','quedan 570 que iran a cubitanque','A',NULL,'2022-09-05 14:38:48','2022-09-05 14:38:48',NULL),(32,21,1,8,21,'2022-09-06',571,'GL','CT','a ver','A',NULL,'2022-09-06 20:49:23','2022-09-13 20:02:53',NULL),(33,22,1,NULL,21,'2022-09-06',25,'GL','CB','25 gal al  ultimio precio','A',25000,'2022-09-06 20:52:46','2022-09-06 20:52:46',NULL),(34,22,1,NULL,NULL,'2022-09-06',45,'GL','EX','externo 45*15000','A',15000,'2022-09-06 20:53:31','2022-09-06 20:53:31',NULL),(35,22,1,NULL,NULL,'2022-09-13',20,'GL','EX','20 galon x 30.000 terpel','A',30000,'2022-09-13 20:01:31','2022-09-13 20:01:31',NULL);
/*!40000 ALTER TABLE `tankmachines` ENABLE KEYS */;
UNLOCK TABLES;

--
-- Table structure for table `units`
--

DROP TABLE IF EXISTS `units`;
/*!40101 SET @saved_cs_client     = @@character_set_client */;
/*!50503 SET character_set_client = utf8mb4 */;
CREATE TABLE `units` (
  `id` int(12) unsigned NOT NULL,
  `unit_sigla` varchar(10) NOT NULL,
  `unit_descripcion` varchar(100) NOT NULL,
  `unit_estado` enum('A','I') NOT NULL DEFAULT 'A',
  `created_at` timestamp NULL DEFAULT NULL,
  `updated_at` timestamp NULL DEFAULT NULL,
  `deleted_at` timestamp NULL DEFAULT NULL,
  PRIMARY KEY (`id`) USING BTREE,
  UNIQUE KEY `unit_sigla` (`unit_sigla`) USING BTREE
) ENGINE=InnoDB DEFAULT CHARSET=utf8mb4 ROW_FORMAT=DYNAMIC;
/*!40101 SET character_set_client = @saved_cs_client */;

--
-- Dumping data for table `units`
--

LOCK TABLES `units` WRITE;
/*!40000 ALTER TABLE `units` DISABLE KEYS */;
INSERT INTO `units` VALUES (1,'GAL','GALONES','A',NULL,NULL,NULL),(2,'MC','METROS CUBICOS','A',NULL,NULL,NULL);
/*!40000 ALTER TABLE `units` ENABLE KEYS */;
UNLOCK TABLES;

--
-- Table structure for table `users`
--

DROP TABLE IF EXISTS `users`;
/*!40101 SET @saved_cs_client     = @@character_set_client */;
/*!50503 SET character_set_client = utf8mb4 */;
CREATE TABLE `users` (
  `id` int(12) unsigned NOT NULL AUTO_INCREMENT,
  `name` varchar(100) CHARACTER SET utf8mb4 COLLATE utf8mb4_unicode_ci NOT NULL,
  `email` varchar(100) CHARACTER SET utf8mb4 COLLATE utf8mb4_unicode_ci NOT NULL,
  `email_verified_at` timestamp NULL DEFAULT NULL,
  `password` varchar(100) CHARACTER SET utf8mb4 COLLATE utf8mb4_unicode_ci NOT NULL,
  `remember_token` varchar(100) CHARACTER SET utf8mb4 COLLATE utf8mb4_unicode_ci DEFAULT '',
  `usua_estado` enum('A','I') COLLATE latin1_spanish_ci NOT NULL DEFAULT 'A',
  `usua_creacion` varchar(50) COLLATE latin1_spanish_ci DEFAULT '',
  `created_at` timestamp NULL DEFAULT NULL,
  `updated_at` timestamp NULL DEFAULT NULL,
  `deleted_at` timestamp NULL DEFAULT NULL,
  PRIMARY KEY (`id`) USING BTREE
) ENGINE=InnoDB AUTO_INCREMENT=3 DEFAULT CHARSET=latin1 COLLATE=latin1_spanish_ci ROW_FORMAT=DYNAMIC;
/*!40101 SET character_set_client = @saved_cs_client */;

--
-- Dumping data for table `users`
--

LOCK TABLES `users` WRITE;
/*!40000 ALTER TABLE `users` DISABLE KEYS */;
INSERT INTO `users` VALUES (1,'Administrador del sistema','admin@localhost.com',NULL,'$2y$10$rPiI7jKTBeOwZ/t8/2rD3u1adLZSMZGvuTXLxN9jjMtiaRowvRw8G','','A','Super administrador del sistema','2022-07-01 05:35:01','2022-08-02 20:38:03',NULL),(2,'Super administrador del sistema 13','adminRoot@localhost.com',NULL,'$2y$10$qUJOn04uAhLFcj5w7CvpoOBkOuRo/RZFATS4FNb2NO.stN3JLYXiW','','A','Super administrador del sistema 1','2022-07-01 05:35:01','2022-08-02 20:38:38',NULL);
/*!40000 ALTER TABLE `users` ENABLE KEYS */;
UNLOCK TABLES;
/*!40103 SET TIME_ZONE=@OLD_TIME_ZONE */;

/*!40101 SET SQL_MODE=@OLD_SQL_MODE */;
/*!40014 SET FOREIGN_KEY_CHECKS=@OLD_FOREIGN_KEY_CHECKS */;
/*!40014 SET UNIQUE_CHECKS=@OLD_UNIQUE_CHECKS */;
/*!40101 SET CHARACTER_SET_CLIENT=@OLD_CHARACTER_SET_CLIENT */;
/*!40101 SET CHARACTER_SET_RESULTS=@OLD_CHARACTER_SET_RESULTS */;
/*!40101 SET COLLATION_CONNECTION=@OLD_COLLATION_CONNECTION */;
/*!40111 SET SQL_NOTES=@OLD_SQL_NOTES */;

-- Dump completed on 2022-10-20 17:08:38
